timestamp,reconstruction_error,anomaly
2013-07-05 23:00:00,0.16316733,0
2013-07-06 00:00:00,0.15454933,0
2013-07-06 01:00:00,0.1476451,0
2013-07-06 02:00:00,0.14345719,0
2013-07-06 03:00:00,0.14572956,0
2013-07-06 04:00:00,0.15066025,0
2013-07-06 05:00:00,0.16036956,0
2013-07-06 06:00:00,0.17432235,0
2013-07-06 07:00:00,0.18967928,0
2013-07-06 08:00:00,0.18751174,0
2013-07-06 09:00:00,0.17674841,0
2013-07-06 10:00:00,0.1661864,0
2013-07-06 11:00:00,0.15401459,0
2013-07-06 12:00:00,0.14809681,0
2013-07-06 13:00:00,0.14332491,0
2013-07-06 14:00:00,0.14897957,0
2013-07-06 15:00:00,0.1551247,0
2013-07-06 16:00:00,0.16506584,0
2013-07-06 17:00:00,0.17989758,0
2013-07-06 18:00:00,0.20045142,0
2013-07-06 19:00:00,0.223779,0
2013-07-06 20:00:00,0.2488718,0
2013-07-06 21:00:00,0.26652318,0
2013-07-06 22:00:00,0.27084374,0
2013-07-06 23:00:00,0.25835395,0
2013-07-07 00:00:00,0.24750689,0
2013-07-07 01:00:00,0.24080221,0
2013-07-07 02:00:00,0.23390792,0
2013-07-07 03:00:00,0.23234093,0
2013-07-07 04:00:00,0.22948022,0
2013-07-07 05:00:00,0.22755757,0
2013-07-07 06:00:00,0.22834626,0
2013-07-07 07:00:00,0.22828147,0
2013-07-07 08:00:00,0.22451222,0
2013-07-07 09:00:00,0.21569474,0
2013-07-07 10:00:00,0.20829746,0
2013-07-07 11:00:00,0.2046651,0
2013-07-07 12:00:00,0.20368312,0
2013-07-07 13:00:00,0.20327504,0
2013-07-07 14:00:00,0.2104236,0
2013-07-07 15:00:00,0.22122115,0
2013-07-07 16:00:00,0.23156339,0
2013-07-07 17:00:00,0.25084856,0
2013-07-07 18:00:00,0.26845804,0
2013-07-07 19:00:00,0.2903257,0
2013-07-07 20:00:00,0.30784208,0
2013-07-07 21:00:00,0.3187135,0
2013-07-07 22:00:00,0.32883897,0
2013-07-07 23:00:00,0.3422125,0
2013-07-08 00:00:00,0.3532597,0
2013-07-08 01:00:00,0.3713991,0
2013-07-08 02:00:00,0.3876916,0
2013-07-08 03:00:00,0.40995798,0
2013-07-08 04:00:00,0.43424335,0
2013-07-08 05:00:00,0.46489343,0
2013-07-08 06:00:00,0.5051096,0
2013-07-08 07:00:00,0.54958534,0
2013-07-08 08:00:00,0.5822282,0
2013-07-08 09:00:00,0.6035534,0
2013-07-08 10:00:00,0.6173461,0
2013-07-08 11:00:00,0.618888,0
2013-07-08 12:00:00,0.61533964,0
2013-07-08 13:00:00,0.6048934,0
2013-07-08 14:00:00,0.602252,0
2013-07-08 15:00:00,0.59884137,0
2013-07-08 16:00:00,0.6031461,0
2013-07-08 17:00:00,0.6212835,0
2013-07-08 18:00:00,0.6513888,0
2013-07-08 19:00:00,0.6940675,0
2013-07-08 20:00:00,0.7228756,0
2013-07-08 21:00:00,0.7536037,0
2013-07-08 22:00:00,0.78510356,0
2013-07-08 23:00:00,0.79641163,0
2013-07-09 00:00:00,0.7978713,0
2013-07-09 01:00:00,0.7857196,0
2013-07-09 02:00:00,0.7663552,0
2013-07-09 03:00:00,0.7539461,0
2013-07-09 04:00:00,0.74042004,0
2013-07-09 05:00:00,0.7408836,0
2013-07-09 06:00:00,0.7373333,0
2013-07-09 07:00:00,0.7343135,0
2013-07-09 08:00:00,0.6970252,0
2013-07-09 09:00:00,0.6626361,0
2013-07-09 10:00:00,0.62710726,0
2013-07-09 11:00:00,0.5908235,0
2013-07-09 12:00:00,0.56213665,0
2013-07-09 13:00:00,0.5494028,0
2013-07-09 14:00:00,0.54276365,0
2013-07-09 15:00:00,0.540397,0
2013-07-09 16:00:00,0.5421071,0
2013-07-09 17:00:00,0.5509904,0
2013-07-09 18:00:00,0.56107205,0
2013-07-09 19:00:00,0.55879605,0
2013-07-09 20:00:00,0.52484447,0
2013-07-09 21:00:00,0.4884392,0
2013-07-09 22:00:00,0.4507442,0
2013-07-09 23:00:00,0.41257468,0
2013-07-10 00:00:00,0.3652363,0
2013-07-10 01:00:00,0.3207354,0
2013-07-10 02:00:00,0.28326306,0
2013-07-10 03:00:00,0.25568336,0
2013-07-10 04:00:00,0.2362882,0
2013-07-10 05:00:00,0.22473721,0
2013-07-10 06:00:00,0.2295227,0
2013-07-10 07:00:00,0.2408036,0
2013-07-10 08:00:00,0.23436387,0
2013-07-10 09:00:00,0.22956331,0
2013-07-10 10:00:00,0.22117579,0
2013-07-10 11:00:00,0.21063173,0
2013-07-10 12:00:00,0.19993246,0
2013-07-10 13:00:00,0.19209969,0
2013-07-10 14:00:00,0.19135337,0
2013-07-10 15:00:00,0.19427665,0
2013-07-10 16:00:00,0.20328349,0
2013-07-10 17:00:00,0.21644892,0
2013-07-10 18:00:00,0.2330138,0
2013-07-10 19:00:00,0.2542047,0
2013-07-10 20:00:00,0.25097415,0
2013-07-10 21:00:00,0.23173895,0
2013-07-10 22:00:00,0.2249388,0
2013-07-10 23:00:00,0.21707278,0
2013-07-11 00:00:00,0.20620169,0
2013-07-11 01:00:00,0.1961764,0
2013-07-11 02:00:00,0.18734577,0
2013-07-11 03:00:00,0.18538216,0
2013-07-11 04:00:00,0.185856,0
2013-07-11 05:00:00,0.1983497,0
2013-07-11 06:00:00,0.21808675,0
2013-07-11 07:00:00,0.23900227,0
2013-07-11 08:00:00,0.22910999,0
2013-07-11 09:00:00,0.223027,0
2013-07-11 10:00:00,0.21057217,0
2013-07-11 11:00:00,0.1970308,0
2013-07-11 12:00:00,0.18935946,0
2013-07-11 13:00:00,0.18465178,0
2013-07-11 14:00:00,0.1875943,0
2013-07-11 15:00:00,0.1920147,0
2013-07-11 16:00:00,0.20345806,0
2013-07-11 17:00:00,0.22200716,0
2013-07-11 18:00:00,0.241871,0
2013-07-11 19:00:00,0.24663362,0
2013-07-11 20:00:00,0.23122251,0
2013-07-11 21:00:00,0.2225345,0
2013-07-11 22:00:00,0.21874124,0
2013-07-11 23:00:00,0.21181184,0
2013-07-12 00:00:00,0.1999588,0
2013-07-12 01:00:00,0.18916014,0
2013-07-12 02:00:00,0.1802424,0
2013-07-12 03:00:00,0.17861298,0
2013-07-12 04:00:00,0.1802124,0
2013-07-12 05:00:00,0.18830425,0
2013-07-12 06:00:00,0.20515992,0
2013-07-12 07:00:00,0.2253681,0
2013-07-12 08:00:00,0.21961053,0
2013-07-12 09:00:00,0.2096728,0
2013-07-12 10:00:00,0.20023094,0
2013-07-12 11:00:00,0.18893486,0
2013-07-12 12:00:00,0.17925024,0
2013-07-12 13:00:00,0.1725297,0
2013-07-12 14:00:00,0.17612855,0
2013-07-12 15:00:00,0.18875252,0
2013-07-12 16:00:00,0.20658901,0
2013-07-12 17:00:00,0.23466873,0
2013-07-12 18:00:00,0.25273624,0
2013-07-12 19:00:00,0.25968888,0
2013-07-12 20:00:00,0.26763448,0
2013-07-12 21:00:00,0.26258633,0
2013-07-12 22:00:00,0.26098853,0
2013-07-12 23:00:00,0.25310883,0
2013-07-13 00:00:00,0.2400237,0
2013-07-13 01:00:00,0.23313613,0
2013-07-13 02:00:00,0.22476469,0
2013-07-13 03:00:00,0.22194195,0
2013-07-13 04:00:00,0.220872,0
2013-07-13 05:00:00,0.22451665,0
2013-07-13 06:00:00,0.23431583,0
2013-07-13 07:00:00,0.24773943,0
2013-07-13 08:00:00,0.25285032,0
2013-07-13 09:00:00,0.251728,0
2013-07-13 10:00:00,0.22653945,0
2013-07-13 11:00:00,0.20835535,0
2013-07-13 12:00:00,0.20386751,0
2013-07-13 13:00:00,0.19929817,0
2013-07-13 14:00:00,0.19770409,0
2013-07-13 15:00:00,0.19609769,0
2013-07-13 16:00:00,0.19935176,0
2013-07-13 17:00:00,0.20399337,0
2013-07-13 18:00:00,0.2105142,0
2013-07-13 19:00:00,0.2223555,0
2013-07-13 20:00:00,0.23622924,0
2013-07-13 21:00:00,0.25299954,0
2013-07-13 22:00:00,0.2570151,0
2013-07-13 23:00:00,0.24423496,0
2013-07-14 00:00:00,0.2257432,0
2013-07-14 01:00:00,0.21577983,0
2013-07-14 02:00:00,0.21058758,0
2013-07-14 03:00:00,0.20702557,0
2013-07-14 04:00:00,0.20369448,0
2013-07-14 05:00:00,0.20494379,0
2013-07-14 06:00:00,0.21069422,0
2013-07-14 07:00:00,0.21848443,0
2013-07-14 08:00:00,0.22037408,0
2013-07-14 09:00:00,0.2234803,0
2013-07-14 10:00:00,0.21630085,0
2013-07-14 11:00:00,0.1991554,0
2013-07-14 12:00:00,0.18850629,0
2013-07-14 13:00:00,0.17079714,0
2013-07-14 14:00:00,0.16118991,0
2013-07-14 15:00:00,0.1520393,0
2013-07-14 16:00:00,0.14557089,0
2013-07-14 17:00:00,0.1467398,0
2013-07-14 18:00:00,0.15370081,0
2013-07-14 19:00:00,0.16676831,0
2013-07-14 20:00:00,0.18014555,0
2013-07-14 21:00:00,0.182324,0
2013-07-14 22:00:00,0.17348221,0
2013-07-14 23:00:00,0.16453338,0
2013-07-15 00:00:00,0.15522496,0
2013-07-15 01:00:00,0.1497385,0
2013-07-15 02:00:00,0.14487246,0
2013-07-15 03:00:00,0.14633313,0
2013-07-15 04:00:00,0.14867595,0
2013-07-15 05:00:00,0.15760733,0
2013-07-15 06:00:00,0.17156172,0
2013-07-15 07:00:00,0.18826829,0
2013-07-15 08:00:00,0.19640055,0
2013-07-15 09:00:00,0.19801953,0
2013-07-15 10:00:00,0.19486518,0
2013-07-15 11:00:00,0.18833156,0
2013-07-15 12:00:00,0.18584283,0
2013-07-15 13:00:00,0.18846689,0
2013-07-15 14:00:00,0.20339671,0
2013-07-15 15:00:00,0.22570845,0
2013-07-15 16:00:00,0.26059967,0
2013-07-15 17:00:00,0.31837964,0
2013-07-15 18:00:00,0.38630658,0
2013-07-15 19:00:00,0.47389194,0
2013-07-15 20:00:00,0.55960655,0
2013-07-15 21:00:00,0.54768306,0
2013-07-15 22:00:00,0.5361704,0
2013-07-15 23:00:00,0.5293603,0
2013-07-16 00:00:00,0.53185225,0
2013-07-16 01:00:00,0.53637683,0
2013-07-16 02:00:00,0.5361085,0
2013-07-16 03:00:00,0.53700775,0
2013-07-16 04:00:00,0.53429925,0
2013-07-16 05:00:00,0.53129584,0
2013-07-16 06:00:00,0.53318477,0
2013-07-16 07:00:00,0.5368854,0
2013-07-16 08:00:00,0.5391425,0
2013-07-16 09:00:00,0.5326211,0
2013-07-16 10:00:00,0.48967335,0
2013-07-16 11:00:00,0.45505646,0
2013-07-16 12:00:00,0.41977718,0
2013-07-16 13:00:00,0.40126032,0
2013-07-16 14:00:00,0.39766666,0
2013-07-16 15:00:00,0.40200865,0
2013-07-16 16:00:00,0.41614366,0
2013-07-16 17:00:00,0.4345605,0
2013-07-16 18:00:00,0.4495768,0
2013-07-16 19:00:00,0.44565207,0
2013-07-16 20:00:00,0.43098795,0
2013-07-16 21:00:00,0.40329438,0
2013-07-16 22:00:00,0.37019745,0
2013-07-16 23:00:00,0.33272004,0
2013-07-17 00:00:00,0.294903,0
2013-07-17 01:00:00,0.26114193,0
2013-07-17 02:00:00,0.2344712,0
2013-07-17 03:00:00,0.21738383,0
2013-07-17 04:00:00,0.2036595,0
2013-07-17 05:00:00,0.20425475,0
2013-07-17 06:00:00,0.2178533,0
2013-07-17 07:00:00,0.2428419,0
2013-07-17 08:00:00,0.25115427,0
2013-07-17 09:00:00,0.2298865,0
2013-07-17 10:00:00,0.21670792,0
2013-07-17 11:00:00,0.20312373,0
2013-07-17 12:00:00,0.1928626,0
2013-07-17 13:00:00,0.18214181,0
2013-07-17 14:00:00,0.17891683,0
2013-07-17 15:00:00,0.17975137,0
2013-07-17 16:00:00,0.18533711,0
2013-07-17 17:00:00,0.20417999,0
2013-07-17 18:00:00,0.2275596,0
2013-07-17 19:00:00,0.25550893,0
2013-07-17 20:00:00,0.25126272,0
2013-07-17 21:00:00,0.23901778,0
2013-07-17 22:00:00,0.23490034,0
2013-07-17 23:00:00,0.22293971,0
2013-07-18 00:00:00,0.21000853,0
2013-07-18 01:00:00,0.20199403,0
2013-07-18 02:00:00,0.1950277,0
2013-07-18 03:00:00,0.19409688,0
2013-07-18 04:00:00,0.19452412,0
2013-07-18 05:00:00,0.20239389,0
2013-07-18 06:00:00,0.21664762,0
2013-07-18 07:00:00,0.23495242,0
2013-07-18 08:00:00,0.24831899,0
2013-07-18 09:00:00,0.23339808,0
2013-07-18 10:00:00,0.21272793,0
2013-07-18 11:00:00,0.19935313,0
2013-07-18 12:00:00,0.19130343,0
2013-07-18 13:00:00,0.1815674,0
2013-07-18 14:00:00,0.17975275,0
2013-07-18 15:00:00,0.18165328,0
2013-07-18 16:00:00,0.19169572,0
2013-07-18 17:00:00,0.20966548,0
2013-07-18 18:00:00,0.23041539,0
2013-07-18 19:00:00,0.24497268,0
2013-07-18 20:00:00,0.24134219,0
2013-07-18 21:00:00,0.24356088,0
2013-07-18 22:00:00,0.24389154,0
2013-07-18 23:00:00,0.24250919,0
2013-07-19 00:00:00,0.22576597,0
2013-07-19 01:00:00,0.21760051,0
2013-07-19 02:00:00,0.21001236,0
2013-07-19 03:00:00,0.20219053,0
2013-07-19 04:00:00,0.19389288,0
2013-07-19 05:00:00,0.1932156,0
2013-07-19 06:00:00,0.2012301,0
2013-07-19 07:00:00,0.21720183,0
2013-07-19 08:00:00,0.23441164,0
2013-07-19 09:00:00,0.23959401,0
2013-07-19 10:00:00,0.20836249,0
2013-07-19 11:00:00,0.19435583,0
2013-07-19 12:00:00,0.18612933,0
2013-07-19 13:00:00,0.17867048,0
2013-07-19 14:00:00,0.17472957,0
2013-07-19 15:00:00,0.1739431,0
2013-07-19 16:00:00,0.17800485,0
2013-07-19 17:00:00,0.19111283,0
2013-07-19 18:00:00,0.21155292,0
2013-07-19 19:00:00,0.23419964,0
2013-07-19 20:00:00,0.24259074,0
2013-07-19 21:00:00,0.22501187,0
2013-07-19 22:00:00,0.22112921,0
2013-07-19 23:00:00,0.21435131,0
2013-07-20 00:00:00,0.20530128,0
2013-07-20 01:00:00,0.1876053,0
2013-07-20 02:00:00,0.1731892,0
2013-07-20 03:00:00,0.16623387,0
2013-07-20 04:00:00,0.16182597,0
2013-07-20 05:00:00,0.16400543,0
2013-07-20 06:00:00,0.17312063,0
2013-07-20 07:00:00,0.18961178,0
2013-07-20 08:00:00,0.2005127,0
2013-07-20 09:00:00,0.19993249,0
2013-07-20 10:00:00,0.18493241,0
2013-07-20 11:00:00,0.16946623,0
2013-07-20 12:00:00,0.16347207,0
2013-07-20 13:00:00,0.16458154,0
2013-07-20 14:00:00,0.1700035,0
2013-07-20 15:00:00,0.17766483,0
2013-07-20 16:00:00,0.1896547,0
2013-07-20 17:00:00,0.2065789,0
2013-07-20 18:00:00,0.22064945,0
2013-07-20 19:00:00,0.24322614,0
2013-07-20 20:00:00,0.26929402,0
2013-07-20 21:00:00,0.27581736,0
2013-07-20 22:00:00,0.27498832,0
2013-07-20 23:00:00,0.2727733,0
2013-07-21 00:00:00,0.26921037,0
2013-07-21 01:00:00,0.26937795,0
2013-07-21 02:00:00,0.26807144,0
2013-07-21 03:00:00,0.2699036,0
2013-07-21 04:00:00,0.27394208,0
2013-07-21 05:00:00,0.2795933,0
2013-07-21 06:00:00,0.27983582,0
2013-07-21 07:00:00,0.2688465,0
2013-07-21 08:00:00,0.2576204,0
2013-07-21 09:00:00,0.24532454,0
2013-07-21 10:00:00,0.2323959,0
2013-07-21 11:00:00,0.2174763,0
2013-07-21 12:00:00,0.20378317,0
2013-07-21 13:00:00,0.18993261,0
2013-07-21 14:00:00,0.18094753,0
2013-07-21 15:00:00,0.17231557,0
2013-07-21 16:00:00,0.16943538,0
2013-07-21 17:00:00,0.17338529,0
2013-07-21 18:00:00,0.18844001,0
2013-07-21 19:00:00,0.20597254,0
2013-07-21 20:00:00,0.22164887,0
2013-07-21 21:00:00,0.22394618,0
2013-07-21 22:00:00,0.22540088,0
2013-07-21 23:00:00,0.22267507,0
2013-07-22 00:00:00,0.21101652,0
2013-07-22 01:00:00,0.20910527,0
2013-07-22 02:00:00,0.20170753,0
2013-07-22 03:00:00,0.20365876,0
2013-07-22 04:00:00,0.20717481,0
2013-07-22 05:00:00,0.21652158,0
2013-07-22 06:00:00,0.23400238,0
2013-07-22 07:00:00,0.2535134,0
2013-07-22 08:00:00,0.2657308,0
2013-07-22 09:00:00,0.26886505,0
2013-07-22 10:00:00,0.2639292,0
2013-07-22 11:00:00,0.25196865,0
2013-07-22 12:00:00,0.24328092,0
2013-07-22 13:00:00,0.22814564,0
2013-07-22 14:00:00,0.22792058,0
2013-07-22 15:00:00,0.23307784,0
2013-07-22 16:00:00,0.24907953,0
2013-07-22 17:00:00,0.28739277,0
2013-07-22 18:00:00,0.3506891,0
2013-07-22 19:00:00,0.42005503,0
2013-07-22 20:00:00,0.4552295,0
2013-07-22 21:00:00,0.45195553,0
2013-07-22 22:00:00,0.44336197,0
2013-07-22 23:00:00,0.43687892,0
2013-07-23 00:00:00,0.43492135,0
2013-07-23 01:00:00,0.42786348,0
2013-07-23 02:00:00,0.4199574,0
2013-07-23 03:00:00,0.41400492,0
2013-07-23 04:00:00,0.40646607,0
2013-07-23 05:00:00,0.40342903,0
2013-07-23 06:00:00,0.4074552,0
2013-07-23 07:00:00,0.4185375,0
2013-07-23 08:00:00,0.4253013,0
2013-07-23 09:00:00,0.40211123,0
2013-07-23 10:00:00,0.37147737,0
2013-07-23 11:00:00,0.348669,0
2013-07-23 12:00:00,0.33087212,0
2013-07-23 13:00:00,0.3064489,0
2013-07-23 14:00:00,0.29732192,0
2013-07-23 15:00:00,0.2978973,0
2013-07-23 16:00:00,0.30926844,0
2013-07-23 17:00:00,0.3277503,0
2013-07-23 18:00:00,0.34478185,0
2013-07-23 19:00:00,0.351786,0
2013-07-23 20:00:00,0.3370705,0
2013-07-23 21:00:00,0.32932863,0
2013-07-23 22:00:00,0.31281072,0
2013-07-23 23:00:00,0.2885192,0
2013-07-24 00:00:00,0.25739783,0
2013-07-24 01:00:00,0.23437202,0
2013-07-24 02:00:00,0.21586612,0
2013-07-24 03:00:00,0.20479938,0
2013-07-24 04:00:00,0.19966194,0
2013-07-24 05:00:00,0.20270947,0
2013-07-24 06:00:00,0.21055058,0
2013-07-24 07:00:00,0.22817643,0
2013-07-24 08:00:00,0.23110086,0
2013-07-24 09:00:00,0.21488415,0
2013-07-24 10:00:00,0.2004068,0
2013-07-24 11:00:00,0.19116923,0
2013-07-24 12:00:00,0.18293342,0
2013-07-24 13:00:00,0.17187127,0
2013-07-24 14:00:00,0.16922885,0
2013-07-24 15:00:00,0.17210865,0
2013-07-24 16:00:00,0.18284075,0
2013-07-24 17:00:00,0.2047661,0
2013-07-24 18:00:00,0.22817218,0
2013-07-24 19:00:00,0.24753687,0
2013-07-24 20:00:00,0.23474199,0
2013-07-24 21:00:00,0.22221293,0
2013-07-24 22:00:00,0.21517806,0
2013-07-24 23:00:00,0.20554031,0
2013-07-25 00:00:00,0.19290927,0
2013-07-25 01:00:00,0.18143515,0
2013-07-25 02:00:00,0.1724738,0
2013-07-25 03:00:00,0.16808297,0
2013-07-25 04:00:00,0.16739355,0
2013-07-25 05:00:00,0.17403653,0
2013-07-25 06:00:00,0.1859528,0
2013-07-25 07:00:00,0.20354955,0
2013-07-25 08:00:00,0.21683176,0
2013-07-25 09:00:00,0.19873185,0
2013-07-25 10:00:00,0.18232207,0
2013-07-25 11:00:00,0.16979733,0
2013-07-25 12:00:00,0.15927474,0
2013-07-25 13:00:00,0.15234838,0
2013-07-25 14:00:00,0.15297118,0
2013-07-25 15:00:00,0.15682228,0
2013-07-25 16:00:00,0.16487524,0
2013-07-25 17:00:00,0.17853752,0
2013-07-25 18:00:00,0.19652693,0
2013-07-25 19:00:00,0.21761599,0
2013-07-25 20:00:00,0.21815908,0
2013-07-25 21:00:00,0.20200785,0
2013-07-25 22:00:00,0.19520041,0
2013-07-25 23:00:00,0.187311,0
2013-07-26 00:00:00,0.17452474,0
2013-07-26 01:00:00,0.16476406,0
2013-07-26 02:00:00,0.15527722,0
2013-07-26 03:00:00,0.15200572,0
2013-07-26 04:00:00,0.15140867,0
2013-07-26 05:00:00,0.15831879,0
2013-07-26 06:00:00,0.17404628,0
2013-07-26 07:00:00,0.19110171,0
2013-07-26 08:00:00,0.19989704,0
2013-07-26 09:00:00,0.19345883,0
2013-07-26 10:00:00,0.17366903,0
2013-07-26 11:00:00,0.16335396,0
2013-07-26 12:00:00,0.15524991,0
2013-07-26 13:00:00,0.14447224,0
2013-07-26 14:00:00,0.14156479,0
2013-07-26 15:00:00,0.13982569,0
2013-07-26 16:00:00,0.1436597,0
2013-07-26 17:00:00,0.15554245,0
2013-07-26 18:00:00,0.17326866,0
2013-07-26 19:00:00,0.19322109,0
2013-07-26 20:00:00,0.19935669,0
2013-07-26 21:00:00,0.18315822,0
2013-07-26 22:00:00,0.17539527,0
2013-07-26 23:00:00,0.1666285,0
2013-07-27 00:00:00,0.15820292,0
2013-07-27 01:00:00,0.14915745,0
2013-07-27 02:00:00,0.14068061,0
2013-07-27 03:00:00,0.13840872,0
2013-07-27 04:00:00,0.1376447,0
2013-07-27 05:00:00,0.14368784,0
2013-07-27 06:00:00,0.15776676,0
2013-07-27 07:00:00,0.17695816,0
2013-07-27 08:00:00,0.1871014,0
2013-07-27 09:00:00,0.17942593,0
2013-07-27 10:00:00,0.16106574,0
2013-07-27 11:00:00,0.15071821,0
2013-07-27 12:00:00,0.14570126,0
2013-07-27 13:00:00,0.13983215,0
2013-07-27 14:00:00,0.1380004,0
2013-07-27 15:00:00,0.13621914,0
2013-07-27 16:00:00,0.13814011,0
2013-07-27 17:00:00,0.14503892,0
2013-07-27 18:00:00,0.15790406,0
2013-07-27 19:00:00,0.1784524,0
2013-07-27 20:00:00,0.2000648,0
2013-07-27 21:00:00,0.19582544,0
2013-07-27 22:00:00,0.17181276,0
2013-07-27 23:00:00,0.16212325,0
2013-07-28 00:00:00,0.1513514,0
2013-07-28 01:00:00,0.14501846,0
2013-07-28 03:00:00,0.13555622,0
2013-07-28 04:00:00,0.13279118,0
2013-07-29 12:00:00,0.13366313,0
2013-07-29 13:00:00,0.14104848,0
2013-07-29 14:00:00,0.15449035,0
2013-07-29 15:00:00,0.17724785,0
2013-07-29 16:00:00,0.1891391,0
2013-07-29 17:00:00,0.18396677,0
2013-07-29 18:00:00,0.17377767,0
2013-07-29 19:00:00,0.16996688,0
2013-07-29 20:00:00,0.16808656,0
2013-07-29 21:00:00,0.16088802,0
2013-07-29 22:00:00,0.15538305,0
2013-07-29 23:00:00,0.14911668,0
2013-07-30 00:00:00,0.148856,0
2013-07-30 01:00:00,0.1553523,0
2013-07-30 02:00:00,0.1655373,0
2013-07-30 03:00:00,0.17645562,0
2013-07-30 04:00:00,0.17358932,0
2013-07-30 05:00:00,0.1656697,0
2013-07-30 06:00:00,0.16115162,0
2013-07-30 07:00:00,0.15349793,0
2013-07-30 08:00:00,0.14619449,0
2013-07-30 09:00:00,0.14124258,0
2013-07-30 10:00:00,0.1366509,0
2013-07-30 11:00:00,0.137068,0
2013-07-30 12:00:00,0.13917026,0
2013-07-30 13:00:00,0.14779182,0
2013-07-30 14:00:00,0.16259162,0
2013-07-30 15:00:00,0.18108521,0
2013-07-30 16:00:00,0.18676586,0
2013-07-30 17:00:00,0.17400329,0
2013-07-30 18:00:00,0.16525829,0
2013-07-30 19:00:00,0.16402228,0
2013-07-30 20:00:00,0.15839545,0
2013-07-30 21:00:00,0.15138368,0
2013-07-30 22:00:00,0.14842701,0
2013-07-30 23:00:00,0.14827922,0
2013-07-31 00:00:00,0.15515332,0
2013-07-31 01:00:00,0.16749623,0
2013-07-31 02:00:00,0.1840572,0
2013-07-31 03:00:00,0.20044817,0
2013-07-31 04:00:00,0.19834064,0
2013-07-31 05:00:00,0.18789385,0
2013-07-31 06:00:00,0.18455157,0
2013-07-31 07:00:00,0.17587033,0
2013-07-31 08:00:00,0.16452385,0
2013-07-31 09:00:00,0.15410823,0
2013-07-31 10:00:00,0.14386356,0
2013-07-31 11:00:00,0.13968009,0
2013-07-31 12:00:00,0.13728313,0
2013-07-31 13:00:00,0.14113897,0
2013-07-31 14:00:00,0.15401429,0
2013-07-31 15:00:00,0.17418383,0
2013-07-31 16:00:00,0.18322538,0
2013-07-31 17:00:00,0.17347527,0
2013-07-31 18:00:00,0.16794488,0
2013-07-31 19:00:00,0.16185921,0
2013-07-31 20:00:00,0.15771797,0
2013-07-31 21:00:00,0.15020838,0
2013-07-31 22:00:00,0.14979851,0
2013-07-31 23:00:00,0.15014412,0
2013-08-01 00:00:00,0.15374564,0
2013-08-01 01:00:00,0.16117214,0
2013-08-01 02:00:00,0.17326008,0
2013-08-01 03:00:00,0.1854438,0
2013-08-01 04:00:00,0.18297952,0
2013-08-01 05:00:00,0.17592698,0
2013-08-01 06:00:00,0.17547807,0
2013-08-01 07:00:00,0.16589305,0
2013-08-01 08:00:00,0.15328373,0
2013-08-01 09:00:00,0.14375253,0
2013-08-01 10:00:00,0.13463098,0
2013-08-01 11:00:00,0.13363189,0
2013-08-01 12:00:00,0.13358973,0
2013-08-01 13:00:00,0.13991122,0
2013-08-01 14:00:00,0.1510464,0
2013-08-01 15:00:00,0.17034552,0
2013-08-01 16:00:00,0.18435895,0
2013-08-01 17:00:00,0.18161865,0
2013-08-01 18:00:00,0.1657253,0
2013-08-01 19:00:00,0.15425356,0
2013-08-01 20:00:00,0.1478147,0
2013-08-01 21:00:00,0.14012559,0
2013-08-01 22:00:00,0.13946155,0
2013-08-01 23:00:00,0.1352578,0
2013-08-02 00:00:00,0.13684788,0
2013-08-02 01:00:00,0.14346027,0
2013-08-02 02:00:00,0.15623227,0
2013-08-02 03:00:00,0.17232779,0
2013-08-02 04:00:00,0.17673227,0
2013-08-02 05:00:00,0.16568239,0
2013-08-02 06:00:00,0.16039489,0
2013-08-02 07:00:00,0.15339696,0
2013-08-02 08:00:00,0.14409801,0
2013-08-02 09:00:00,0.13724402,0
2013-08-02 10:00:00,0.12797067,0
2013-08-02 11:00:00,0.1255485,0
2013-08-02 12:00:00,0.12512666,0
2013-08-02 13:00:00,0.1328315,0
2013-08-02 14:00:00,0.14782678,0
2013-08-02 15:00:00,0.16862796,0
2013-08-02 16:00:00,0.17927514,0
2013-08-02 17:00:00,0.17242217,0
2013-08-02 18:00:00,0.1607018,0
2013-08-02 19:00:00,0.15737398,0
2013-08-02 20:00:00,0.15859611,0
2013-08-02 21:00:00,0.15394804,0
2013-08-02 22:00:00,0.15223156,0
2013-08-02 23:00:00,0.14677875,0
2013-08-03 00:00:00,0.14760278,0
2013-08-03 01:00:00,0.1549733,0
2013-08-03 02:00:00,0.16650063,0
2013-08-03 03:00:00,0.18285981,0
2013-08-03 04:00:00,0.188711,0
2013-08-03 05:00:00,0.18306729,0
2013-08-03 06:00:00,0.18222867,0
2013-08-03 07:00:00,0.17541306,0
2013-08-03 08:00:00,0.16860428,0
2013-08-03 09:00:00,0.16540672,0
2013-08-03 10:00:00,0.1649629,0
2013-08-03 11:00:00,0.17200771,0
2013-08-03 12:00:00,0.1806981,0
2013-08-03 13:00:00,0.19521236,0
2013-08-03 14:00:00,0.2207581,0
2013-08-03 15:00:00,0.25019744,0
2013-08-03 16:00:00,0.26723906,0
2013-08-03 17:00:00,0.2583535,0
2013-08-03 18:00:00,0.25415337,0
2013-08-03 19:00:00,0.24438931,0
2013-08-03 20:00:00,0.23267238,0
2013-08-03 21:00:00,0.2135752,0
2013-08-03 22:00:00,0.19839455,0
2013-08-03 23:00:00,0.1873574,0
2013-08-04 00:00:00,0.18467091,0
2013-08-04 01:00:00,0.18690056,0
2013-08-04 02:00:00,0.19612703,0
2013-08-04 03:00:00,0.21093732,0
2013-08-04 04:00:00,0.22790168,0
2013-08-04 05:00:00,0.23724464,0
2013-08-04 06:00:00,0.24358532,0
2013-08-04 07:00:00,0.23509018,0
2013-08-04 08:00:00,0.2314513,0
2013-08-04 09:00:00,0.23748814,0
2013-08-04 10:00:00,0.2409029,0
2013-08-04 11:00:00,0.24781023,0
2013-08-04 12:00:00,0.2583845,0
2013-08-04 13:00:00,0.2666446,0
2013-08-04 14:00:00,0.28508416,0
2013-08-04 15:00:00,0.2806992,0
2013-08-04 16:00:00,0.2840088,0
2013-08-04 17:00:00,0.28401476,0
2013-08-04 18:00:00,0.2744682,0
2013-08-04 19:00:00,0.25822476,0
2013-08-04 20:00:00,0.2412568,0
2013-08-04 21:00:00,0.22383192,0
2013-08-04 22:00:00,0.21169384,0
2013-08-04 23:00:00,0.20101093,0
2013-08-05 00:00:00,0.19627139,0
2013-08-05 01:00:00,0.19878288,0
2013-08-05 02:00:00,0.20621282,0
2013-08-05 03:00:00,0.21915367,0
2013-08-05 04:00:00,0.22487065,0
2013-08-05 05:00:00,0.22393773,0
2013-08-05 06:00:00,0.21477267,0
2013-08-05 07:00:00,0.21092145,0
2013-08-05 08:00:00,0.20866606,0
2013-08-05 09:00:00,0.20702508,0
2013-08-05 10:00:00,0.20678134,0
2013-08-05 11:00:00,0.21307895,0
2013-08-05 12:00:00,0.21652968,0
2013-08-05 13:00:00,0.22516882,0
2013-08-05 14:00:00,0.23493226,0
2013-08-05 15:00:00,0.2498347,0
2013-08-05 16:00:00,0.25467935,0
2013-08-05 17:00:00,0.2529879,0
2013-08-05 18:00:00,0.2481057,0
2013-08-05 19:00:00,0.24867928,0
2013-08-05 20:00:00,0.25903457,0
2013-08-05 21:00:00,0.27688497,0
2013-08-05 22:00:00,0.30001685,0
2013-08-05 23:00:00,0.3165808,0
2013-08-06 00:00:00,0.3280147,0
2013-08-06 01:00:00,0.33425656,0
2013-08-06 02:00:00,0.33704963,0
2013-08-06 03:00:00,0.33630165,0
2013-08-06 04:00:00,0.33060697,0
2013-08-06 05:00:00,0.31891406,0
2013-08-06 06:00:00,0.3006981,0
2013-08-06 07:00:00,0.28390813,0
2013-08-06 08:00:00,0.26397008,0
2013-08-06 09:00:00,0.24906653,0
2013-08-06 10:00:00,0.23707917,0
2013-08-06 11:00:00,0.23200886,0
2013-08-06 12:00:00,0.23091352,0
2013-08-06 13:00:00,0.23835872,0
2013-08-06 14:00:00,0.24913557,0
2013-08-06 15:00:00,0.25892368,0
2013-08-06 16:00:00,0.25851023,0
2013-08-06 17:00:00,0.2589823,0
2013-08-06 18:00:00,0.261608,0
2013-08-06 19:00:00,0.2642987,0
2013-08-06 20:00:00,0.2652948,0
2013-08-06 21:00:00,0.287982,0
2013-08-06 22:00:00,0.28672814,0
2013-08-06 23:00:00,0.28950262,0
2013-08-07 00:00:00,0.297822,0
2013-08-07 01:00:00,0.30384755,0
2013-08-07 02:00:00,0.30923876,0
2013-08-07 03:00:00,0.30456275,0
2013-08-07 04:00:00,0.30003056,0
2013-08-07 05:00:00,0.29247767,0
2013-08-07 06:00:00,0.28624657,0
2013-08-07 07:00:00,0.27370834,0
2013-08-07 08:00:00,0.25557274,0
2013-08-07 09:00:00,0.24342124,0
2013-08-07 10:00:00,0.23133793,0
2013-08-07 11:00:00,0.2235723,0
2013-08-07 12:00:00,0.21764609,0
2013-08-07 13:00:00,0.219785,0
2013-08-07 14:00:00,0.22985324,0
2013-08-07 15:00:00,0.24378069,0
2013-08-07 16:00:00,0.25294405,0
2013-08-07 17:00:00,0.2515486,0
2013-08-07 18:00:00,0.23775342,0
2013-08-07 19:00:00,0.22599562,0
2013-08-07 20:00:00,0.21670201,0
2013-08-07 21:00:00,0.20362915,0
2013-08-07 22:00:00,0.19447139,0
2013-08-07 23:00:00,0.18659201,0
2013-08-08 00:00:00,0.19371809,0
2013-08-08 01:00:00,0.20563361,0
2013-08-08 02:00:00,0.21896179,0
2013-08-08 03:00:00,0.23433708,0
2013-08-08 04:00:00,0.24070483,0
2013-08-08 05:00:00,0.23041287,0
2013-08-08 06:00:00,0.2188356,0
2013-08-08 07:00:00,0.21115744,0
2013-08-08 08:00:00,0.20274761,0
2013-08-08 09:00:00,0.19632526,0
2013-08-08 10:00:00,0.19091697,0
2013-08-08 11:00:00,0.19067332,0
2013-08-08 12:00:00,0.1911246,0
2013-08-08 13:00:00,0.19391796,0
2013-08-08 14:00:00,0.20212707,0
2013-08-08 15:00:00,0.21388075,0
2013-08-08 16:00:00,0.20561083,0
2013-08-08 17:00:00,0.18762876,0
2013-08-08 18:00:00,0.17382976,0
2013-08-08 19:00:00,0.15935825,0
2013-08-08 20:00:00,0.14552677,0
2013-08-08 21:00:00,0.13898036,0
2013-08-08 22:00:00,0.14020526,0
2013-08-08 23:00:00,0.14276154,0
2013-08-09 00:00:00,0.14577344,0
2013-08-09 01:00:00,0.15422751,0
2013-08-09 02:00:00,0.16613223,0
2013-08-09 03:00:00,0.18007047,0
2013-08-09 04:00:00,0.18707435,0
2013-08-09 05:00:00,0.18020405,0
2013-08-09 06:00:00,0.1634421,0
2013-08-09 07:00:00,0.15672752,0
2013-08-09 08:00:00,0.14940807,0
2013-08-09 09:00:00,0.14759712,0
2013-08-09 10:00:00,0.14562795,0
2013-08-09 11:00:00,0.15129325,0
2013-08-09 12:00:00,0.15583465,0
2013-08-09 13:00:00,0.16473348,0
2013-08-09 14:00:00,0.17731228,0
2013-08-09 15:00:00,0.19077632,0
2013-08-09 16:00:00,0.18664743,0
2013-08-09 17:00:00,0.17605448,0
2013-08-09 18:00:00,0.17133486,0
2013-08-09 19:00:00,0.16726632,0
2013-08-09 20:00:00,0.16624308,0
2013-08-09 21:00:00,0.1640763,0
2013-08-09 22:00:00,0.163688,0
2013-08-09 23:00:00,0.16257262,0
2013-08-10 00:00:00,0.16425946,0
2013-08-10 01:00:00,0.17503896,0
2013-08-10 02:00:00,0.18780579,0
2013-08-10 03:00:00,0.19928478,0
2013-08-10 04:00:00,0.19248112,0
2013-08-10 05:00:00,0.18084028,0
2013-08-10 06:00:00,0.17679122,0
2013-08-10 07:00:00,0.17570102,0
2013-08-10 08:00:00,0.17091633,0
2013-08-10 09:00:00,0.16894749,0
2013-08-10 10:00:00,0.16592829,0
2013-08-10 11:00:00,0.17056955,0
2013-08-10 12:00:00,0.1778192,0
2013-08-10 13:00:00,0.19332851,0
2013-08-10 14:00:00,0.21755645,0
2013-08-10 15:00:00,0.24659412,0
2013-08-10 16:00:00,0.23817192,0
2013-08-10 17:00:00,0.23191813,0
2013-08-10 18:00:00,0.22559583,0
2013-08-10 19:00:00,0.21428052,0
2013-08-10 20:00:00,0.20459707,0
2013-08-10 21:00:00,0.18879172,0
2013-08-10 22:00:00,0.17775422,0
2013-08-10 23:00:00,0.16544083,0
2013-08-11 00:00:00,0.16042387,0
2013-08-11 01:00:00,0.16113484,0
2013-08-11 02:00:00,0.17079802,0
2013-08-11 03:00:00,0.19152142,0
2013-08-11 04:00:00,0.21380597,0
2013-08-11 05:00:00,0.23174576,0
2013-08-11 06:00:00,0.22868663,0
2013-08-11 07:00:00,0.22495076,0
2013-08-11 08:00:00,0.22241484,0
2013-08-11 09:00:00,0.22168623,0
2013-08-11 10:00:00,0.22180852,0
2013-08-11 11:00:00,0.22286311,0
2013-08-11 12:00:00,0.22574905,0
2013-08-11 13:00:00,0.23197886,0
2013-08-11 14:00:00,0.24112603,0
2013-08-11 15:00:00,0.24557903,0
2013-08-11 16:00:00,0.24086463,0
2013-08-11 17:00:00,0.23273064,0
2013-08-11 18:00:00,0.22392,0
2013-08-11 19:00:00,0.21191461,0
2013-08-11 20:00:00,0.20184939,0
2013-08-11 21:00:00,0.19021532,0
2013-08-11 22:00:00,0.1867565,0
2013-08-11 23:00:00,0.1839288,0
2013-08-12 00:00:00,0.18804915,0
2013-08-12 01:00:00,0.19844878,0
2013-08-12 02:00:00,0.21349671,0
2013-08-12 03:00:00,0.23254754,0
2013-08-12 04:00:00,0.25101063,0
2013-08-12 05:00:00,0.26133072,0
2013-08-12 06:00:00,0.25842136,0
2013-08-12 07:00:00,0.2598789,0
2013-08-12 08:00:00,0.2613229,0
2013-08-12 09:00:00,0.26660687,0
2013-08-12 10:00:00,0.27124736,0
2013-08-12 11:00:00,0.27705696,0
2013-08-12 12:00:00,0.27778473,0
2013-08-12 13:00:00,0.2800404,0
2013-08-12 14:00:00,0.28728396,0
2013-08-12 15:00:00,0.29975334,0
2013-08-12 16:00:00,0.3052583,0
2013-08-12 17:00:00,0.3014457,0
2013-08-12 18:00:00,0.2851398,0
2013-08-12 19:00:00,0.27282605,0
2013-08-12 20:00:00,0.26019046,0
2013-08-12 21:00:00,0.25051403,0
2013-08-12 22:00:00,0.24809347,0
2013-08-12 23:00:00,0.24549215,0
2013-08-13 00:00:00,0.245771,0
2013-08-13 01:00:00,0.25168097,0
2013-08-13 02:00:00,0.25968456,0
2013-08-13 03:00:00,0.27172178,0
2013-08-13 04:00:00,0.27771306,0
2013-08-13 05:00:00,0.27483734,0
2013-08-13 06:00:00,0.25960058,0
2013-08-13 07:00:00,0.24390472,0
2013-08-13 08:00:00,0.22757041,0
2013-08-13 09:00:00,0.20893288,0
2013-08-13 10:00:00,0.18845879,0
2013-08-13 11:00:00,0.17470734,0
2013-08-13 12:00:00,0.16737497,0
2013-08-13 13:00:00,0.17005232,0
2013-08-13 14:00:00,0.17906116,0
2013-08-13 15:00:00,0.19530465,0
2013-08-13 16:00:00,0.20642035,0
2013-08-13 17:00:00,0.21414617,0
2013-08-13 18:00:00,0.22163732,0
2013-08-13 19:00:00,0.23705561,0
2013-08-13 20:00:00,0.2627559,0
2013-08-13 21:00:00,0.28594977,0
2013-08-13 22:00:00,0.31007448,0
2013-08-13 23:00:00,0.31845638,0
2013-08-14 00:00:00,0.3218367,0
2013-08-14 01:00:00,0.3230919,0
2013-08-14 02:00:00,0.32378256,0
2013-08-14 03:00:00,0.3219947,0
2013-08-14 04:00:00,0.3111311,0
2013-08-14 05:00:00,0.29756126,0
2013-08-14 06:00:00,0.287944,0
2013-08-14 07:00:00,0.28051856,0
2013-08-14 08:00:00,0.27243543,0
2013-08-14 09:00:00,0.26631927,0
2013-08-14 10:00:00,0.2588703,0
2013-08-14 11:00:00,0.2547559,0
2013-08-14 12:00:00,0.24908188,0
2013-08-14 13:00:00,0.24599361,0
2013-08-14 14:00:00,0.24865289,0
2013-08-14 15:00:00,0.25420716,0
2013-08-14 16:00:00,0.2534937,0
2013-08-14 17:00:00,0.25173023,0
2013-08-14 18:00:00,0.24730165,0
2013-08-14 19:00:00,0.24642962,0
2013-08-14 20:00:00,0.24842703,0
2013-08-14 21:00:00,0.244155,0
2013-08-14 22:00:00,0.24742925,0
2013-08-14 23:00:00,0.2500345,0
2013-08-15 00:00:00,0.2551716,0
2013-08-15 01:00:00,0.25991377,0
2013-08-15 02:00:00,0.262108,0
2013-08-15 03:00:00,0.2603144,0
2013-08-15 04:00:00,0.24632393,0
2013-08-15 05:00:00,0.23369984,0
2013-08-15 06:00:00,0.223473,0
2013-08-15 07:00:00,0.20931035,0
2013-08-15 08:00:00,0.198476,0
2013-08-15 09:00:00,0.19148579,0
2013-08-15 10:00:00,0.18670256,0
2013-08-15 11:00:00,0.18829286,0
2013-08-15 12:00:00,0.19283386,0
2013-08-15 13:00:00,0.20211415,0
2013-08-15 14:00:00,0.21227525,0
2013-08-15 15:00:00,0.22084263,0
2013-08-15 16:00:00,0.224809,0
2013-08-15 17:00:00,0.228607,0
2013-08-15 18:00:00,0.2265267,0
2013-08-15 19:00:00,0.22470708,0
2013-08-15 20:00:00,0.22749718,0
2013-08-15 21:00:00,0.22749488,0
2013-08-15 22:00:00,0.23430447,0
2013-08-15 23:00:00,0.23893407,0
2013-08-16 00:00:00,0.24666825,0
2013-08-16 01:00:00,0.25229126,0
2013-08-16 02:00:00,0.25312832,0
2013-08-16 03:00:00,0.25136352,0
2013-08-16 04:00:00,0.24188945,0
2013-08-16 05:00:00,0.22899173,0
2013-08-16 06:00:00,0.2178097,0
2013-08-16 07:00:00,0.20687254,0
2013-08-16 08:00:00,0.1931597,0
2013-08-16 09:00:00,0.18357763,0
2013-08-16 10:00:00,0.17582801,0
2013-08-16 11:00:00,0.17799248,0
2013-08-16 12:00:00,0.1827743,0
2013-08-16 13:00:00,0.1914349,0
2013-08-16 14:00:00,0.20173252,0
2013-08-16 15:00:00,0.2131985,0
2013-08-16 16:00:00,0.21527442,0
2013-08-16 17:00:00,0.20970197,0
2013-08-16 18:00:00,0.20765747,0
2013-08-16 19:00:00,0.2024038,0
2013-08-16 20:00:00,0.20556046,0
2013-08-16 21:00:00,0.2037246,0
2013-08-16 22:00:00,0.20519942,0
2013-08-16 23:00:00,0.20808354,0
2013-08-17 00:00:00,0.20877306,0
2013-08-17 01:00:00,0.21571115,0
2013-08-17 02:00:00,0.22020604,0
2013-08-17 03:00:00,0.22036314,0
2013-08-17 04:00:00,0.21504806,0
2013-08-17 05:00:00,0.20911233,0
2013-08-17 06:00:00,0.20149973,0
2013-08-17 07:00:00,0.19375613,0
2013-08-17 08:00:00,0.18541601,0
2013-08-17 09:00:00,0.17982371,0
2013-08-17 10:00:00,0.17506883,0
2013-08-17 11:00:00,0.17839678,0
2013-08-17 12:00:00,0.18385953,0
2013-08-17 13:00:00,0.19727162,0
2013-08-17 14:00:00,0.22092903,0
2013-08-17 15:00:00,0.24164173,0
2013-08-17 16:00:00,0.24455312,0
2013-08-17 17:00:00,0.23013575,0
2013-08-17 18:00:00,0.22087458,0
2013-08-17 19:00:00,0.21079718,0
2013-08-17 20:00:00,0.19554411,0
2013-08-17 21:00:00,0.17874514,0
2013-08-17 22:00:00,0.16632669,0
2013-08-17 23:00:00,0.15647066,0
2013-08-18 00:00:00,0.15325114,0
2013-08-18 01:00:00,0.15635997,0
2013-08-18 02:00:00,0.16798174,0
2013-08-18 03:00:00,0.18731353,0
2013-08-18 04:00:00,0.20995162,0
2013-08-18 05:00:00,0.2262688,0
2013-08-18 06:00:00,0.22497368,0
2013-08-18 07:00:00,0.21882789,0
2013-08-18 08:00:00,0.21806523,0
2013-08-18 09:00:00,0.2174524,0
2013-08-18 10:00:00,0.21434298,0
2013-08-18 11:00:00,0.21368201,0
2013-08-18 12:00:00,0.21435049,0
2013-08-18 13:00:00,0.216461,0
2013-08-18 14:00:00,0.22270349,0
2013-08-18 15:00:00,0.22835463,0
2013-08-18 16:00:00,0.22448397,0
2013-08-18 17:00:00,0.21425919,0
2013-08-18 18:00:00,0.20023572,0
2013-08-18 19:00:00,0.1835944,0
2013-08-18 20:00:00,0.17359379,0
2013-08-18 21:00:00,0.16270368,0
2013-08-18 22:00:00,0.15852357,0
2013-08-18 23:00:00,0.15984747,0
2013-08-19 00:00:00,0.16638397,0
2013-08-19 01:00:00,0.18029049,0
2013-08-19 02:00:00,0.19773285,0
2013-08-19 03:00:00,0.21855704,0
2013-08-19 04:00:00,0.23541605,0
2013-08-19 05:00:00,0.24671733,0
2013-08-19 06:00:00,0.2449848,0
2013-08-19 07:00:00,0.2462705,0
2013-08-19 08:00:00,0.24629107,0
2013-08-19 09:00:00,0.25183067,0
2013-08-19 10:00:00,0.25724915,0
2013-08-19 11:00:00,0.26211712,0
2013-08-19 12:00:00,0.26377276,0
2013-08-19 13:00:00,0.27021438,0
2013-08-19 14:00:00,0.27981943,0
2013-08-19 15:00:00,0.29803526,0
2013-08-19 16:00:00,0.31447333,0
2013-08-19 17:00:00,0.32766333,0
2013-08-19 18:00:00,0.34784213,0
2013-08-19 19:00:00,0.38670078,0
2013-08-19 20:00:00,0.43675894,0
2013-08-19 21:00:00,0.49106097,0
2013-08-19 22:00:00,0.518146,0
2013-08-19 23:00:00,0.5308288,0
2013-08-20 00:00:00,0.5419484,0
2013-08-20 01:00:00,0.5478171,0
2013-08-20 02:00:00,0.547527,0
2013-08-20 03:00:00,0.5473935,0
2013-08-20 04:00:00,0.5370788,0
2013-08-20 05:00:00,0.51528186,0
2013-08-20 06:00:00,0.4938496,0
2013-08-20 07:00:00,0.47649175,0
2013-08-20 08:00:00,0.4531013,0
2013-08-20 09:00:00,0.4290567,0
2013-08-20 10:00:00,0.4032018,0
2013-08-20 11:00:00,0.39002696,0
2013-08-20 12:00:00,0.38017407,0
2013-08-20 13:00:00,0.38306,0
2013-08-20 14:00:00,0.38669866,0
2013-08-20 15:00:00,0.3962178,0
2013-08-20 16:00:00,0.39634576,0
2013-08-20 17:00:00,0.3929877,0
2013-08-20 18:00:00,0.37724555,0
2013-08-20 19:00:00,0.36495274,0
2013-08-20 20:00:00,0.35494953,0
2013-08-20 21:00:00,0.3370587,0
2013-08-20 22:00:00,0.32282302,0
2013-08-20 23:00:00,0.31190714,0
2013-08-21 00:00:00,0.3030518,0
2013-08-21 01:00:00,0.29439443,0
2013-08-21 02:00:00,0.28570333,0
2013-08-21 03:00:00,0.27931222,0
2013-08-21 04:00:00,0.26807296,0
2013-08-21 05:00:00,0.24931794,0
2013-08-21 06:00:00,0.2341251,0
2013-08-21 07:00:00,0.22373612,0
2013-08-21 08:00:00,0.22220962,0
2013-08-21 09:00:00,0.2222822,0
2013-08-21 10:00:00,0.22580403,0
2013-08-21 11:00:00,0.22871825,0
2013-08-21 12:00:00,0.23490056,0
2013-08-21 13:00:00,0.24246879,0
2013-08-21 14:00:00,0.25015676,0
2013-08-21 15:00:00,0.2523059,0
2013-08-21 16:00:00,0.24724275,0
2013-08-21 17:00:00,0.24111423,0
2013-08-21 18:00:00,0.23071784,0
2013-08-21 19:00:00,0.21945263,0
2013-08-21 20:00:00,0.20713694,0
2013-08-21 21:00:00,0.19241646,0
2013-08-21 22:00:00,0.18600611,0
2013-08-21 23:00:00,0.1808078,0
2013-08-22 00:00:00,0.17992571,0
2013-08-22 01:00:00,0.18553405,0
2013-08-22 02:00:00,0.19723293,0
2013-08-22 03:00:00,0.21321006,0
2013-08-22 04:00:00,0.22553335,0
2013-08-22 05:00:00,0.23324116,0
2013-08-22 06:00:00,0.22867718,0
2013-08-22 07:00:00,0.22109105,0
2013-08-22 08:00:00,0.21717666,0
2013-08-22 09:00:00,0.21455333,0
2013-08-22 10:00:00,0.21026178,0
2013-08-22 11:00:00,0.21094322,0
2013-08-22 12:00:00,0.20896226,0
2013-08-22 13:00:00,0.21019427,0
2013-08-22 14:00:00,0.21484974,0
2013-08-22 15:00:00,0.21856984,0
2013-08-22 16:00:00,0.21421334,0
2013-08-22 17:00:00,0.20634782,0
2013-08-22 18:00:00,0.19836473,0
2013-08-22 19:00:00,0.19274743,0
2013-08-22 20:00:00,0.19646403,0
2013-08-22 21:00:00,0.2017954,0
2013-08-22 22:00:00,0.21677685,0
2013-08-22 23:00:00,0.23174958,0
2013-08-23 00:00:00,0.24370974,0
2013-08-23 01:00:00,0.25073144,0
2013-08-23 02:00:00,0.25151008,0
2013-08-23 03:00:00,0.2509112,0
2013-08-23 04:00:00,0.24373613,0
2013-08-23 05:00:00,0.23289685,0
2013-08-23 06:00:00,0.22309572,0
2013-08-23 07:00:00,0.21144712,0
2013-08-23 08:00:00,0.20135523,0
2013-08-23 09:00:00,0.19342622,0
2013-08-23 10:00:00,0.18847083,0
2013-08-23 11:00:00,0.18995553,0
2013-08-23 12:00:00,0.1929561,0
2013-08-23 13:00:00,0.1984012,0
2013-08-23 14:00:00,0.20742807,0
2013-08-23 15:00:00,0.21759397,0
2013-08-23 16:00:00,0.22052228,0
2013-08-23 17:00:00,0.22075637,0
2013-08-23 18:00:00,0.21855679,0
2013-08-23 19:00:00,0.21801412,0
2013-08-23 20:00:00,0.21730259,0
2013-08-23 21:00:00,0.21535257,0
2013-08-23 22:00:00,0.21697176,0
2013-08-23 23:00:00,0.21669765,0
2013-08-24 00:00:00,0.22160885,0
2013-08-24 01:00:00,0.2286132,0
2013-08-24 02:00:00,0.2289169,0
2013-08-24 03:00:00,0.22474171,0
2013-08-24 04:00:00,0.21853183,0
2013-08-24 05:00:00,0.21275373,0
2013-08-24 06:00:00,0.2074266,0
2013-08-24 07:00:00,0.20530078,0
2013-08-24 08:00:00,0.20159496,0
2013-08-24 09:00:00,0.20305309,0
2013-08-24 10:00:00,0.20381148,0
2013-08-24 11:00:00,0.21311943,0
2013-08-24 12:00:00,0.23001234,0
2013-08-24 13:00:00,0.25071266,0
2013-08-24 14:00:00,0.27772793,0
2013-08-24 15:00:00,0.29477307,0
2013-08-24 16:00:00,0.29962707,0
2013-08-24 17:00:00,0.29963344,0
2013-08-24 18:00:00,0.29559988,0
2013-08-24 19:00:00,0.28417087,0
2013-08-24 20:00:00,0.26839638,0
2013-08-24 21:00:00,0.25179544,0
2013-08-24 22:00:00,0.2388652,0
2013-08-24 23:00:00,0.22545835,0
2013-08-25 00:00:00,0.21523675,0
2013-08-25 01:00:00,0.21213953,0
2013-08-25 02:00:00,0.21900962,0
2013-08-25 03:00:00,0.23992245,0
2013-08-25 04:00:00,0.259295,0
2013-08-25 05:00:00,0.27018133,0
2013-08-25 06:00:00,0.28311434,0
2013-08-25 07:00:00,0.28977084,0
2013-08-25 08:00:00,0.30104947,0
2013-08-25 09:00:00,0.31522676,0
2013-08-25 10:00:00,0.3284944,0
2013-08-25 11:00:00,0.34690434,0
2013-08-25 12:00:00,0.36180243,0
2013-08-25 13:00:00,0.378931,0
2013-08-25 14:00:00,0.39260092,0
2013-08-25 15:00:00,0.40409407,0
2013-08-25 16:00:00,0.40440133,0
2013-08-25 17:00:00,0.39433628,0
2013-08-25 18:00:00,0.3801127,0
2013-08-25 19:00:00,0.36957878,0
2013-08-25 20:00:00,0.35702035,0
2013-08-25 21:00:00,0.3416223,0
2013-08-25 22:00:00,0.33436197,0
2013-08-25 23:00:00,0.33298796,0
2013-08-26 00:00:00,0.34154028,0
2013-08-26 01:00:00,0.3597644,0
2013-08-26 02:00:00,0.38169748,0
2013-08-26 03:00:00,0.41146237,0
2013-08-26 04:00:00,0.43839645,0
2013-08-26 05:00:00,0.45949513,0
2013-08-26 06:00:00,0.46456692,0
2013-08-26 07:00:00,0.47034582,0
2013-08-26 08:00:00,0.47272602,0
2013-08-26 09:00:00,0.476382,0
2013-08-26 10:00:00,0.478246,0
2013-08-26 11:00:00,0.4802584,0
2013-08-26 12:00:00,0.4779097,0
2013-08-26 13:00:00,0.47742862,0
2013-08-26 14:00:00,0.48249072,0
2013-08-26 15:00:00,0.49219146,0
2013-08-26 16:00:00,0.49281874,0
2013-08-26 17:00:00,0.48055568,0
2013-08-26 18:00:00,0.467757,0
2013-08-26 19:00:00,0.4628986,0
2013-08-26 20:00:00,0.46750605,0
2013-08-26 21:00:00,0.47413373,0
2013-08-26 22:00:00,0.48759896,0
2013-08-26 23:00:00,0.49274412,0
2013-08-27 00:00:00,0.4900024,0
2013-08-27 01:00:00,0.48479307,0
2013-08-27 02:00:00,0.48109245,0
2013-08-27 03:00:00,0.472925,0
2013-08-27 04:00:00,0.4586376,0
2013-08-27 05:00:00,0.43473116,0
2013-08-27 06:00:00,0.40741333,0
2013-08-27 07:00:00,0.37791696,0
2013-08-27 08:00:00,0.3484431,0
2013-08-27 09:00:00,0.3170422,0
2013-08-27 10:00:00,0.28667146,0
2013-08-27 11:00:00,0.26218253,0
2013-08-29 11:00:00,0.24521606,0
2013-08-29 12:00:00,0.23551862,0
2013-08-29 13:00:00,0.23589961,0
2013-08-29 14:00:00,0.24500152,0
2013-08-29 15:00:00,0.25174585,0
2013-08-29 16:00:00,0.2573798,0
2013-08-29 17:00:00,0.25926283,0
2013-08-29 18:00:00,0.25666136,0
2013-08-29 19:00:00,0.26333734,0
2013-08-29 20:00:00,0.27452174,0
2013-08-29 21:00:00,0.2913413,0
2013-08-29 22:00:00,0.30706945,0
2013-08-29 23:00:00,0.3227233,0
2013-08-30 00:00:00,0.33693644,0
2013-08-30 01:00:00,0.3419139,0
2013-08-30 02:00:00,0.33613878,0
2013-08-30 03:00:00,0.3190872,0
2013-08-30 04:00:00,0.29538664,0
2013-08-30 05:00:00,0.27374035,0
2013-08-30 06:00:00,0.2511271,0
2013-08-30 07:00:00,0.22811218,0
2013-08-30 08:00:00,0.21361735,0
2013-08-30 09:00:00,0.20514624,0
2013-08-30 10:00:00,0.20652445,0
2013-08-30 11:00:00,0.21165803,0
2013-08-30 12:00:00,0.22213732,0
2013-08-30 13:00:00,0.23827063,0
2013-08-30 14:00:00,0.25422174,0
2013-08-30 15:00:00,0.2573595,0
2013-08-30 16:00:00,0.26406637,0
2013-08-30 17:00:00,0.26398662,0
2013-08-30 18:00:00,0.2630251,0
2013-08-30 19:00:00,0.2592312,0
2013-08-30 20:00:00,0.25037402,0
2013-08-30 21:00:00,0.24720573,0
2013-08-30 22:00:00,0.24116829,0
2013-08-30 23:00:00,0.23613417,0
2013-08-31 00:00:00,0.23236383,0
2013-08-31 01:00:00,0.23009709,0
2013-08-31 02:00:00,0.22585528,0
2013-08-31 03:00:00,0.2146619,0
2013-08-31 04:00:00,0.19818088,0
2013-08-31 05:00:00,0.18340978,0
2013-08-31 06:00:00,0.1714492,0
2013-08-31 07:00:00,0.16314146,0
2013-08-31 08:00:00,0.16078465,0
2013-08-31 09:00:00,0.15840805,0
2013-08-31 10:00:00,0.1607074,0
2013-08-31 11:00:00,0.1622065,0
2013-08-31 12:00:00,0.16881183,0
2013-08-31 13:00:00,0.1788266,0
2013-08-31 14:00:00,0.18405682,0
2013-08-31 15:00:00,0.1826187,0
2013-08-31 16:00:00,0.17845356,0
2013-08-31 17:00:00,0.16724764,0
2013-08-31 18:00:00,0.15489075,0
2013-08-31 19:00:00,0.14326198,0
2013-08-31 20:00:00,0.13210796,0
2013-08-31 21:00:00,0.12534389,0
2013-08-31 22:00:00,0.11926787,0
2013-08-31 23:00:00,0.117072955,0
2013-09-01 00:00:00,0.122850694,0
2013-09-01 01:00:00,0.1355075,0
2013-09-01 02:00:00,0.15559542,0
2013-09-01 03:00:00,0.17341822,0
2013-09-01 04:00:00,0.17840649,0
2013-09-01 05:00:00,0.16753975,0
2013-09-01 06:00:00,0.16222864,0
2013-09-01 07:00:00,0.1555716,0
2013-09-01 08:00:00,0.14877479,0
2013-09-01 09:00:00,0.14183085,0
2013-09-01 10:00:00,0.13938843,0
2013-09-01 11:00:00,0.14043903,0
2013-09-01 12:00:00,0.14509757,0
2013-09-01 13:00:00,0.153326,0
2013-09-01 14:00:00,0.16470271,0
2013-09-01 15:00:00,0.1681972,0
2013-09-01 16:00:00,0.16590522,0
2013-09-01 17:00:00,0.15921295,0
2013-09-01 18:00:00,0.15072705,0
2013-09-01 19:00:00,0.14418232,0
2013-09-01 20:00:00,0.13575499,0
2013-09-01 21:00:00,0.13219926,0
2013-09-01 22:00:00,0.12952161,0
2013-09-01 23:00:00,0.13042557,0
2013-09-02 00:00:00,0.13795194,0
2013-09-02 01:00:00,0.15004419,0
2013-09-02 02:00:00,0.1645046,0
2013-09-02 03:00:00,0.17636088,0
2013-09-02 04:00:00,0.17667826,0
2013-09-02 05:00:00,0.17092535,0
2013-09-02 06:00:00,0.16643496,0
2013-09-02 07:00:00,0.16196701,0
2013-09-02 08:00:00,0.15843475,0
2013-09-02 09:00:00,0.15575956,0
2013-09-02 10:00:00,0.1553952,0
2013-09-02 11:00:00,0.1562442,0
2013-09-02 12:00:00,0.16251199,0
2013-09-02 13:00:00,0.17222688,0
2013-09-02 14:00:00,0.1855183,0
2013-09-02 15:00:00,0.19201615,0
2013-09-02 16:00:00,0.19317216,0
2013-09-02 17:00:00,0.19175556,0
2013-09-02 18:00:00,0.18625768,0
2013-09-02 19:00:00,0.1830828,0
2013-09-02 20:00:00,0.18222822,0
2013-09-02 21:00:00,0.18740398,0
2013-09-02 22:00:00,0.19146395,0
2013-09-02 23:00:00,0.19711879,0
2013-09-03 00:00:00,0.20824519,0
2013-09-03 01:00:00,0.22060485,0
2013-09-03 02:00:00,0.2357014,0
2013-09-03 03:00:00,0.2488313,0
2013-09-03 04:00:00,0.25552776,0
2013-09-03 05:00:00,0.24843888,0
2013-09-03 06:00:00,0.22376624,0
2013-09-03 07:00:00,0.188915,0
2013-09-03 08:00:00,0.16752277,0
2013-09-03 09:00:00,0.15710653,0
2013-09-03 10:00:00,0.15309282,0
2013-09-03 11:00:00,0.15346558,0
2013-09-03 12:00:00,0.16083251,0
2013-09-03 13:00:00,0.1735298,0
2013-09-03 14:00:00,0.18648838,0
2013-09-03 15:00:00,0.1908724,0
2013-09-03 16:00:00,0.19401559,0
2013-09-03 17:00:00,0.18952191,0
2013-09-03 18:00:00,0.1804229,0
2013-09-03 19:00:00,0.17098127,0
2013-09-03 20:00:00,0.16084927,0
2013-09-03 21:00:00,0.16030738,0
2013-09-03 22:00:00,0.16218981,0
2013-09-03 23:00:00,0.1719291,0
2013-09-04 00:00:00,0.18840286,0
2013-09-04 01:00:00,0.20363195,0
2013-09-04 02:00:00,0.21779689,0
2013-09-04 03:00:00,0.22564848,0
2013-09-04 04:00:00,0.2227337,0
2013-09-04 05:00:00,0.20548071,0
2013-09-04 06:00:00,0.19532317,0
2013-09-04 07:00:00,0.18770438,0
2013-09-04 08:00:00,0.1806019,0
2013-09-04 09:00:00,0.17398971,0
2013-09-04 10:00:00,0.17159921,0
2013-09-04 11:00:00,0.17526653,0
2013-09-04 12:00:00,0.18120988,0
2013-09-04 13:00:00,0.19245712,0
2013-09-04 14:00:00,0.19794,0
2013-09-04 15:00:00,0.20034568,0
2013-09-04 16:00:00,0.19213477,0
2013-09-04 17:00:00,0.18473078,0
2013-09-04 18:00:00,0.17492633,0
2013-09-04 19:00:00,0.16925405,0
2013-09-04 20:00:00,0.16702102,0
2013-09-04 21:00:00,0.16703887,0
2013-09-04 22:00:00,0.17073968,0
2013-09-04 23:00:00,0.17419438,0
2013-09-05 00:00:00,0.18293732,0
2013-09-05 01:00:00,0.19035114,0
2013-09-05 02:00:00,0.19836694,0
2013-09-05 03:00:00,0.1954471,0
2013-09-05 04:00:00,0.19099881,0
2013-09-05 05:00:00,0.17978486,0
2013-09-05 06:00:00,0.1734895,0
2013-09-05 07:00:00,0.16806825,0
2013-09-05 08:00:00,0.16407324,0
2013-09-05 09:00:00,0.16067004,0
2013-09-05 10:00:00,0.16086449,0
2013-09-05 11:00:00,0.16293138,0
2013-09-05 12:00:00,0.16850641,0
2013-09-05 13:00:00,0.17913012,0
2013-09-05 14:00:00,0.19097574,0
2013-09-05 15:00:00,0.19177164,0
2013-09-05 16:00:00,0.18830043,0
2013-09-05 17:00:00,0.18300906,0
2013-09-05 18:00:00,0.1809789,0
2013-09-05 19:00:00,0.17830685,0
2013-09-05 20:00:00,0.1837853,0
2013-09-05 21:00:00,0.19332184,0
2013-09-05 22:00:00,0.21267092,0
2013-09-05 23:00:00,0.23550133,0
2013-09-06 00:00:00,0.25379845,0
2013-09-06 01:00:00,0.26964092,0
2013-09-06 02:00:00,0.26690206,0
2013-09-06 03:00:00,0.25960222,0
2013-09-06 04:00:00,0.2509807,0
2013-09-06 05:00:00,0.24049737,0
2013-09-06 06:00:00,0.22187798,0
2013-09-06 07:00:00,0.2018667,0
2013-09-06 08:00:00,0.1871545,0
2013-09-06 09:00:00,0.1756143,0
2013-09-06 10:00:00,0.1684255,0
2013-09-06 11:00:00,0.16755807,0
2013-09-06 12:00:00,0.176385,0
2013-09-06 13:00:00,0.19133317,0
2013-09-06 14:00:00,0.2081774,0
2013-09-06 15:00:00,0.21304321,0
2013-09-06 16:00:00,0.20809309,0
2013-09-06 17:00:00,0.20253304,0
2013-09-06 18:00:00,0.19719492,0
2013-09-06 19:00:00,0.1938586,0
2013-09-06 20:00:00,0.18833642,0
2013-09-06 21:00:00,0.18845911,0
2013-09-06 22:00:00,0.18474062,0
2013-09-06 23:00:00,0.18279918,0
2013-09-07 00:00:00,0.18509105,0
2013-09-07 01:00:00,0.1916686,0
2013-09-07 02:00:00,0.19953524,0
2013-09-07 03:00:00,0.19466378,0
2013-09-07 04:00:00,0.17700724,0
2013-09-07 05:00:00,0.16436565,0
2013-09-07 06:00:00,0.15359002,0
2013-09-07 07:00:00,0.14335619,0
2013-09-07 08:00:00,0.13653448,0
2013-09-07 09:00:00,0.131304,0
2013-09-07 10:00:00,0.12999685,0
2013-09-07 11:00:00,0.13093369,0
2013-09-07 12:00:00,0.13851833,0
2013-09-07 13:00:00,0.15496647,0
2013-09-07 14:00:00,0.17576858,0
2013-09-07 15:00:00,0.17609946,0
2013-09-07 16:00:00,0.16585584,0
2013-09-07 17:00:00,0.15857796,0
2013-09-07 18:00:00,0.15012875,0
2013-09-07 19:00:00,0.142724,0
2013-09-07 20:00:00,0.13137853,0
2013-09-07 21:00:00,0.12506215,0
2013-09-07 22:00:00,0.11928443,0
2013-09-07 23:00:00,0.1198105,0
2013-09-08 00:00:00,0.12677431,0
2013-09-08 01:00:00,0.13998951,0
2013-09-08 02:00:00,0.15918101,0
2013-09-08 03:00:00,0.17680308,0
2013-09-08 04:00:00,0.18730214,0
2013-09-08 05:00:00,0.17569691,0
2013-09-08 06:00:00,0.16314694,0
2013-09-08 07:00:00,0.15412514,0
2013-09-08 08:00:00,0.15063788,0
2013-09-08 09:00:00,0.15201761,0
2013-09-08 10:00:00,0.16018136,0
2013-09-08 11:00:00,0.17187686,0
2013-09-08 12:00:00,0.18314035,0
2013-09-08 13:00:00,0.19144076,0
2013-09-08 14:00:00,0.1940246,0
2013-09-08 15:00:00,0.19488192,0
2013-09-08 16:00:00,0.1918596,0
2013-09-08 17:00:00,0.18406363,0
2013-09-08 18:00:00,0.17434824,0
2013-09-08 19:00:00,0.1676302,0
2013-09-08 20:00:00,0.15957353,0
2013-09-08 21:00:00,0.15663302,0
2013-09-08 22:00:00,0.15293424,0
2013-09-08 23:00:00,0.1507686,0
2013-09-09 00:00:00,0.15455128,0
2013-09-09 01:00:00,0.16558708,0
2013-09-09 02:00:00,0.18108611,0
2013-09-09 03:00:00,0.1980861,0
2013-09-09 04:00:00,0.20815751,0
2013-09-09 05:00:00,0.19867884,0
2013-09-09 06:00:00,0.18463962,0
2013-09-09 07:00:00,0.17114569,0
2013-09-09 08:00:00,0.16392548,0
2013-09-09 09:00:00,0.1584996,0
2013-09-09 10:00:00,0.15712312,0
2013-09-09 11:00:00,0.15677461,0
2013-09-09 12:00:00,0.15998796,0
2013-09-09 13:00:00,0.17079669,0
2013-09-09 14:00:00,0.18729836,0
2013-09-09 15:00:00,0.19920194,0
2013-09-09 16:00:00,0.20649646,0
2013-09-09 17:00:00,0.22080629,0
2013-09-09 18:00:00,0.22753647,0
2013-09-09 19:00:00,0.23560402,0
2013-09-09 20:00:00,0.2427571,0
2013-09-16 12:00:00,0.2619348,0
2013-09-16 13:00:00,0.28577355,0
2013-09-16 14:00:00,0.3130366,0
2013-09-16 15:00:00,0.33877528,0
2013-09-16 16:00:00,0.35007352,0
2013-09-16 17:00:00,0.34626174,0
2013-09-16 18:00:00,0.33253497,0
2013-09-16 19:00:00,0.31852213,0
2013-09-16 20:00:00,0.30379796,0
2013-09-16 21:00:00,0.29057053,0
2013-09-16 22:00:00,0.27460566,0
2013-09-16 23:00:00,0.25882083,0
2013-09-17 00:00:00,0.2398431,0
2013-09-17 01:00:00,0.22328508,0
2013-09-17 02:00:00,0.20794174,0
2013-09-17 03:00:00,0.20256671,0
2013-09-17 04:00:00,0.20913523,0
2013-09-17 05:00:00,0.2242131,0
2013-09-17 06:00:00,0.24162865,0
2013-09-17 07:00:00,0.2588174,0
2013-09-17 08:00:00,0.25432417,0
2013-09-17 09:00:00,0.2307979,0
2013-09-17 10:00:00,0.22248393,0
2013-09-17 11:00:00,0.21613099,0
2013-09-17 12:00:00,0.21286719,0
2013-09-17 13:00:00,0.20874396,0
2013-09-17 14:00:00,0.20701031,0
2013-09-17 15:00:00,0.21010144,0
2013-09-17 16:00:00,0.21880844,0
2013-09-17 17:00:00,0.2289084,0
2013-09-17 18:00:00,0.22772971,0
2013-09-17 19:00:00,0.21211326,0
2013-09-17 20:00:00,0.20265314,0
2013-09-17 21:00:00,0.18456718,0
2013-09-17 22:00:00,0.16336727,0
2013-09-17 23:00:00,0.14506714,0
2013-09-18 00:00:00,0.13023499,0
2013-09-18 01:00:00,0.124358915,0
2013-09-18 02:00:00,0.12337778,0
2013-09-18 03:00:00,0.13052128,0
2013-09-18 04:00:00,0.14546932,0
2013-09-18 05:00:00,0.16660836,0
2013-09-18 06:00:00,0.1705745,0
2013-09-18 07:00:00,0.16785651,0
2013-09-18 08:00:00,0.16159515,0
2013-09-18 09:00:00,0.15086488,0
2013-09-18 10:00:00,0.14521581,0
2013-09-18 11:00:00,0.13457634,0
2013-09-18 12:00:00,0.13377121,0
2013-09-18 13:00:00,0.12946288,0
2013-09-18 14:00:00,0.12984766,0
2013-09-18 15:00:00,0.13800664,0
2013-09-18 16:00:00,0.15432703,0
2013-09-18 17:00:00,0.17758243,0
2013-09-18 18:00:00,0.19930732,0
2013-09-18 19:00:00,0.19846681,0
2013-09-18 20:00:00,0.17747909,0
2013-09-18 21:00:00,0.16857779,0
2013-09-18 22:00:00,0.16000435,0
2013-09-18 23:00:00,0.15338543,0
2013-09-19 00:00:00,0.14462698,0
2013-09-19 01:00:00,0.1410148,0
2013-09-19 02:00:00,0.13888554,0
2013-09-19 03:00:00,0.14564963,0
2013-09-19 04:00:00,0.15875608,0
2013-09-19 05:00:00,0.17927215,0
2013-09-19 06:00:00,0.18240364,0
2013-09-19 07:00:00,0.17621715,0
2013-09-19 08:00:00,0.17022264,0
2013-09-19 09:00:00,0.1630315,0
2013-09-19 10:00:00,0.15999201,0
2013-09-19 11:00:00,0.15555437,0
2013-09-19 12:00:00,0.16386981,0
2013-09-19 13:00:00,0.17852198,0
2013-09-19 14:00:00,0.20098668,0
2013-09-19 15:00:00,0.22527295,0
2013-09-19 16:00:00,0.2546188,0
2013-09-19 17:00:00,0.2878031,0
2013-09-19 18:00:00,0.31951922,0
2013-09-19 19:00:00,0.34818935,0
2013-09-19 20:00:00,0.35824057,0
2013-09-19 21:00:00,0.3445973,0
2013-09-19 22:00:00,0.31507382,0
2013-09-19 23:00:00,0.29539722,0
2013-09-20 00:00:00,0.27610466,0
2013-09-20 01:00:00,0.26132262,0
2013-09-20 02:00:00,0.24978188,0
2013-09-20 03:00:00,0.24447563,0
2013-09-20 04:00:00,0.24719913,0
2013-09-20 05:00:00,0.2552167,0
2013-09-20 06:00:00,0.25526765,0
2013-09-20 07:00:00,0.25930572,0
2013-09-20 08:00:00,0.27041918,0
2013-09-20 09:00:00,0.2693627,0
2013-09-20 10:00:00,0.2751985,0
2013-09-20 11:00:00,0.27623677,0
2013-09-20 12:00:00,0.28218165,0
2013-09-20 13:00:00,0.2858773,0
2013-09-20 14:00:00,0.28660628,0
2013-09-20 15:00:00,0.290383,0
2013-09-20 16:00:00,0.2934025,0
2013-09-20 17:00:00,0.29529423,0
2013-09-20 18:00:00,0.28944668,0
2013-09-20 19:00:00,0.27053398,0
2013-09-20 20:00:00,0.22395724,0
2013-09-20 21:00:00,0.18961325,0
2013-09-20 22:00:00,0.16814584,0
2013-09-20 23:00:00,0.15286195,0
2013-09-21 00:00:00,0.14136468,0
2013-09-21 01:00:00,0.13736579,0
2013-09-21 02:00:00,0.13688101,0
2013-09-21 03:00:00,0.14326093,0
2013-09-21 04:00:00,0.15823494,0
2013-09-21 05:00:00,0.17914867,0
2013-09-21 06:00:00,0.19055484,0
2013-09-21 07:00:00,0.1920045,0
2013-09-21 08:00:00,0.18836005,0
2013-09-21 09:00:00,0.17743094,0
2013-09-21 10:00:00,0.16732553,0
2013-09-21 11:00:00,0.15947409,0
2013-09-21 12:00:00,0.15587719,0
2013-09-21 13:00:00,0.15246682,0
2013-09-21 14:00:00,0.149096,0
2013-09-21 15:00:00,0.15281437,0
2013-09-21 16:00:00,0.15995069,0
2013-09-21 17:00:00,0.17113847,0
2013-09-21 18:00:00,0.18087256,0
2013-09-21 19:00:00,0.18150413,0
2013-09-21 20:00:00,0.16997701,0
2013-09-21 21:00:00,0.15566131,0
2013-09-21 22:00:00,0.14412314,0
2013-09-21 23:00:00,0.13346659,0
2013-09-22 00:00:00,0.12623294,0
2013-09-22 01:00:00,0.12270639,0
2013-09-22 02:00:00,0.12398384,0
2013-09-22 03:00:00,0.12959933,0
2013-09-22 04:00:00,0.14014153,0
2013-09-22 05:00:00,0.15352336,0
2013-09-22 06:00:00,0.15922229,0
2013-09-22 07:00:00,0.16137677,0
2013-09-22 08:00:00,0.15725233,0
2013-09-22 09:00:00,0.15070993,0
2013-09-22 10:00:00,0.14498879,0
2013-09-22 11:00:00,0.13438167,0
2013-09-22 12:00:00,0.1284952,0
2013-09-22 13:00:00,0.12462982,0
2013-09-22 14:00:00,0.12529899,0
2013-09-22 15:00:00,0.13196917,0
2013-09-22 16:00:00,0.14229845,0
2013-09-22 17:00:00,0.15524475,0
2013-09-22 18:00:00,0.16279508,0
2013-09-22 19:00:00,0.15833858,0
2013-09-22 20:00:00,0.1526164,0
2013-09-22 21:00:00,0.15009436,0
2013-09-22 22:00:00,0.14245279,0
2013-09-22 23:00:00,0.13566455,0
2013-09-23 00:00:00,0.12727588,0
2013-09-23 01:00:00,0.1258802,0
2013-09-23 02:00:00,0.12531537,0
2013-09-23 03:00:00,0.13091394,0
2013-09-23 04:00:00,0.1427613,0
2013-09-23 05:00:00,0.1611562,0
2013-09-23 06:00:00,0.17129265,0
2013-09-23 07:00:00,0.17360683,0
2013-09-23 08:00:00,0.17273271,0
2013-09-23 09:00:00,0.1640908,0
2013-09-23 10:00:00,0.1581168,0
2013-09-23 11:00:00,0.1515135,0
2013-09-23 12:00:00,0.14541857,0
2013-09-23 13:00:00,0.14217241,0
2013-09-23 14:00:00,0.1478718,0
2013-09-23 15:00:00,0.1634338,0
2013-09-23 16:00:00,0.17987199,0
2013-09-23 17:00:00,0.19293451,0
2013-09-23 18:00:00,0.19403471,0
2013-09-23 19:00:00,0.18334334,0
2013-09-23 20:00:00,0.17251036,0
2013-09-23 21:00:00,0.16649622,0
2013-09-23 22:00:00,0.15789478,0
2013-09-23 23:00:00,0.15062897,0
2013-09-24 00:00:00,0.14616074,0
2013-09-24 01:00:00,0.1473454,0
2013-09-24 02:00:00,0.15166564,0
2013-09-24 03:00:00,0.16106403,0
2013-09-24 04:00:00,0.17272526,0
2013-09-24 05:00:00,0.18487568,0
2013-09-24 06:00:00,0.18678638,0
2013-09-24 07:00:00,0.18261531,0
2013-09-24 08:00:00,0.17660029,0
2013-09-24 09:00:00,0.1656712,0
2013-09-24 10:00:00,0.15350562,0
2013-09-24 11:00:00,0.1408827,0
2013-09-24 12:00:00,0.13201918,0
2013-09-24 13:00:00,0.12486421,0
2013-09-24 14:00:00,0.12584843,0
2013-09-24 15:00:00,0.138675,0
2013-09-24 16:00:00,0.16080332,0
2013-09-24 17:00:00,0.1850589,0
2013-09-24 18:00:00,0.19402644,0
2013-09-24 19:00:00,0.17813487,0
2013-09-24 20:00:00,0.16772449,0
2013-09-24 21:00:00,0.16011031,0
2013-09-24 22:00:00,0.15254413,0
2013-09-24 23:00:00,0.14630608,0
2013-09-25 00:00:00,0.14076953,0
2013-09-25 01:00:00,0.14257513,0
2013-09-25 02:00:00,0.14538696,0
2013-09-25 03:00:00,0.15552482,0
2013-09-25 04:00:00,0.16976826,0
2013-09-25 05:00:00,0.189873,0
2013-09-25 06:00:00,0.20327213,0
2013-09-25 07:00:00,0.2005986,0
2013-09-25 08:00:00,0.18077949,0
2013-09-25 09:00:00,0.16464971,0
2013-09-25 10:00:00,0.15654457,0
2013-09-25 11:00:00,0.14192937,0
2013-09-25 12:00:00,0.13561237,0
2013-09-25 13:00:00,0.13293387,0
2013-09-25 14:00:00,0.13475786,0
2013-09-25 15:00:00,0.14137527,0
2013-09-25 16:00:00,0.15526272,0
2013-09-25 17:00:00,0.1769597,0
2013-09-25 18:00:00,0.19811809,0
2013-09-25 19:00:00,0.18914783,0
2013-09-25 20:00:00,0.18256156,0
2013-09-25 21:00:00,0.1812837,0
2013-09-25 22:00:00,0.17793104,0
2013-09-25 23:00:00,0.1787178,0
2013-09-26 00:00:00,0.18116944,0
2013-09-26 01:00:00,0.1875839,0
2013-09-26 02:00:00,0.19373067,0
2013-09-26 03:00:00,0.2052447,0
2013-09-26 04:00:00,0.22403327,0
2013-09-26 05:00:00,0.24878715,0
2013-09-26 06:00:00,0.2738914,0
2013-09-26 07:00:00,0.28257033,0
2013-09-26 08:00:00,0.25983316,0
2013-09-26 09:00:00,0.2442356,0
2013-09-26 10:00:00,0.22875227,0
2013-09-26 11:00:00,0.2111503,0
2013-09-26 12:00:00,0.19696471,0
2013-09-26 13:00:00,0.18289112,0
2013-09-26 14:00:00,0.17296913,0
2013-09-26 15:00:00,0.1738972,0
2013-09-26 16:00:00,0.18224834,0
2013-09-26 17:00:00,0.200829,0
2013-09-26 18:00:00,0.22262807,0
2013-09-26 19:00:00,0.2364939,0
2013-09-26 20:00:00,0.22195952,0
2013-09-26 21:00:00,0.20138519,0
2013-09-26 22:00:00,0.19515345,0
2013-09-26 23:00:00,0.19209719,0
2013-09-27 00:00:00,0.1859152,0
2013-09-27 01:00:00,0.18586363,0
2013-09-27 02:00:00,0.18555991,0
2013-09-27 03:00:00,0.19096072,0
2013-09-27 04:00:00,0.20266673,0
2013-09-27 05:00:00,0.2199061,0
2013-09-27 06:00:00,0.21842253,0
2013-09-27 07:00:00,0.20833297,0
2013-09-27 08:00:00,0.1954773,0
2013-09-27 09:00:00,0.1837709,0
2013-09-27 10:00:00,0.17205247,0
2013-09-27 11:00:00,0.15631317,0
2013-09-27 12:00:00,0.15157251,0
2013-10-01 12:00:00,0.14872204,0
2013-10-01 13:00:00,0.15160549,0
2013-10-01 14:00:00,0.16137841,0
2013-10-01 15:00:00,0.17632417,0
2013-10-01 16:00:00,0.19482657,0
2013-10-01 17:00:00,0.21325706,0
2013-10-01 18:00:00,0.21227105,0
2013-10-01 19:00:00,0.20262091,0
2013-10-01 20:00:00,0.20296791,0
2013-10-01 21:00:00,0.20010741,0
2013-10-01 22:00:00,0.1964433,0
2013-10-01 23:00:00,0.1941096,0
2013-10-02 00:00:00,0.19953237,0
2013-10-02 01:00:00,0.2091863,0
2013-10-02 02:00:00,0.22594707,0
2013-10-02 03:00:00,0.24728635,0
2013-10-02 04:00:00,0.26944366,0
2013-10-02 05:00:00,0.28164953,0
2013-10-02 06:00:00,0.28732973,0
2013-10-02 07:00:00,0.28311762,0
2013-10-02 08:00:00,0.2770103,0
2013-10-02 09:00:00,0.2754732,0
2013-10-02 10:00:00,0.26875147,0
2013-10-02 11:00:00,0.26914495,0
2013-10-02 12:00:00,0.2676739,0
2013-10-02 13:00:00,0.27081117,0
2013-10-02 14:00:00,0.27945867,0
2013-10-02 15:00:00,0.2941282,0
2013-10-02 16:00:00,0.31329504,0
2013-10-02 17:00:00,0.32906118,0
2013-10-02 18:00:00,0.3299378,0
2013-10-02 19:00:00,0.31503206,0
2013-10-02 20:00:00,0.3029856,0
2013-10-02 21:00:00,0.29289174,0
2013-10-02 22:00:00,0.28772855,0
2013-10-02 23:00:00,0.28145105,0
2013-10-03 00:00:00,0.27539268,0
2013-10-03 01:00:00,0.27193385,0
2013-10-03 02:00:00,0.27243638,0
2013-10-03 03:00:00,0.27634227,0
2013-10-03 04:00:00,0.28159863,0
2013-10-03 05:00:00,0.2786765,0
2013-10-03 06:00:00,0.27530304,0
2013-10-03 07:00:00,0.26523277,0
2013-10-03 08:00:00,0.25446287,0
2013-10-03 09:00:00,0.23898311,0
2013-10-03 10:00:00,0.22403434,0
2013-10-03 11:00:00,0.21309431,0
2013-10-03 12:00:00,0.20463279,0
2013-10-03 13:00:00,0.20236617,0
2013-10-03 14:00:00,0.20732658,0
2013-10-03 15:00:00,0.21627362,0
2013-10-03 16:00:00,0.23002298,0
2013-10-03 17:00:00,0.24218078,0
2013-10-03 18:00:00,0.24353349,0
2013-10-03 19:00:00,0.23108886,0
2013-10-03 20:00:00,0.20989579,0
2013-10-03 21:00:00,0.19380179,0
2013-10-03 22:00:00,0.18143724,0
2013-10-03 23:00:00,0.17386773,0
2013-10-04 00:00:00,0.16885182,0
2013-10-04 01:00:00,0.16993247,0
2013-10-04 02:00:00,0.1713671,0
2013-10-04 03:00:00,0.17976938,0
2013-10-04 04:00:00,0.18771444,0
2013-10-04 05:00:00,0.18907802,0
2013-10-04 06:00:00,0.18351625,0
2013-10-04 07:00:00,0.1757676,0
2013-10-04 08:00:00,0.16550131,0
2013-10-04 09:00:00,0.15819405,0
2013-10-04 10:00:00,0.1459254,0
2013-10-04 11:00:00,0.14249696,0
2013-10-04 12:00:00,0.13812196,0
2013-10-04 13:00:00,0.13830276,0
2013-10-04 14:00:00,0.14583035,0
2013-10-04 15:00:00,0.15637718,0
2013-10-04 16:00:00,0.17218515,0
2013-10-04 17:00:00,0.1826566,0
2013-10-04 18:00:00,0.18307944,0
2013-10-04 19:00:00,0.1715029,0
2013-10-04 20:00:00,0.1644165,0
2013-10-04 21:00:00,0.15437257,0
2013-10-04 22:00:00,0.1483442,0
2013-10-04 23:00:00,0.1449816,0
2013-10-05 00:00:00,0.14295271,0
2013-10-05 01:00:00,0.14298451,0
2013-10-05 02:00:00,0.14818405,0
2013-10-05 03:00:00,0.16131398,0
2013-10-05 04:00:00,0.17447339,0
2013-10-05 05:00:00,0.1747217,0
2013-10-05 06:00:00,0.16842063,0
2013-10-05 07:00:00,0.16006415,0
2013-10-05 08:00:00,0.15077478,0
2013-10-05 09:00:00,0.14334711,0
2013-10-05 10:00:00,0.13313891,0
2013-10-05 11:00:00,0.12977879,0
2013-10-05 12:00:00,0.12766564,0
2013-10-05 13:00:00,0.13023017,0
2013-10-05 14:00:00,0.13843533,0
2013-10-05 15:00:00,0.14969876,0
2013-10-05 16:00:00,0.16342637,0
2013-10-05 17:00:00,0.17365281,0
2013-10-05 18:00:00,0.17088051,0
2013-10-05 19:00:00,0.1594024,0
2013-10-05 20:00:00,0.15416804,0
2013-10-05 21:00:00,0.14825802,0
2013-10-05 22:00:00,0.14446828,0
2013-10-05 23:00:00,0.14188054,0
2013-10-06 00:00:00,0.14845821,0
2013-10-06 01:00:00,0.15438843,0
2013-10-06 02:00:00,0.1639585,0
2013-10-06 03:00:00,0.17719191,0
2013-10-06 04:00:00,0.19407944,0
2013-10-06 05:00:00,0.19887139,0
2013-10-06 06:00:00,0.20081711,0
2013-10-06 07:00:00,0.19931112,0
2013-10-06 08:00:00,0.19683774,0
2013-10-06 09:00:00,0.19654778,0
2013-10-06 10:00:00,0.18895176,0
2013-10-06 11:00:00,0.19087562,0
2013-10-06 12:00:00,0.19034088,0
2013-10-06 13:00:00,0.19445385,0
2013-10-06 14:00:00,0.20207825,0
2013-10-06 15:00:00,0.21394196,0
2013-10-06 16:00:00,0.23261821,0
2013-10-06 17:00:00,0.2501489,0
2013-10-06 18:00:00,0.25983578,0
2013-10-06 19:00:00,0.24930227,0
2013-10-06 20:00:00,0.23770592,0
2013-10-06 21:00:00,0.22400388,0
2013-10-06 22:00:00,0.2092459,0
2013-10-06 23:00:00,0.20228004,0
2013-10-07 00:00:00,0.19380137,0
2013-10-07 01:00:00,0.19337095,0
2013-10-07 02:00:00,0.19657539,0
2013-10-07 03:00:00,0.20604356,0
2013-10-07 04:00:00,0.21386182,0
2013-10-07 05:00:00,0.21769333,0
2013-10-07 06:00:00,0.21215661,0
2013-10-07 07:00:00,0.20199086,0
2013-10-07 08:00:00,0.18963231,0
2013-10-07 09:00:00,0.17905113,0
2013-10-07 10:00:00,0.16630477,0
2013-10-07 11:00:00,0.16005182,0
2013-10-07 12:00:00,0.15285058,0
2013-10-07 13:00:00,0.14947768,0
2013-10-07 14:00:00,0.15289629,0
2013-10-07 15:00:00,0.16119091,0
2013-10-07 16:00:00,0.17350161,0
2013-10-07 17:00:00,0.18502429,0
2013-10-07 18:00:00,0.18607512,0
2013-10-07 19:00:00,0.17352979,0
2013-10-07 20:00:00,0.16199377,0
2013-10-07 21:00:00,0.15144868,0
2013-10-07 22:00:00,0.14421722,0
2013-10-07 23:00:00,0.13814501,0
2013-10-08 00:00:00,0.13584696,0
2013-10-08 01:00:00,0.13412271,0
2013-10-08 02:00:00,0.13729617,0
2013-10-08 03:00:00,0.14842665,0
2013-10-08 04:00:00,0.16708018,0
2013-10-08 05:00:00,0.1739498,0
2013-10-08 06:00:00,0.17577726,0
2013-10-08 07:00:00,0.17463557,0
2013-10-08 08:00:00,0.17220281,0
2013-10-08 09:00:00,0.16900998,0
2013-10-08 10:00:00,0.16130447,0
2013-10-08 11:00:00,0.16249382,0
2013-10-08 12:00:00,0.16305082,0
2013-10-08 13:00:00,0.17191842,0
2013-10-08 14:00:00,0.18596989,0
2013-10-08 15:00:00,0.20338495,0
2013-10-08 16:00:00,0.22027071,0
2013-10-08 17:00:00,0.22936055,0
2013-10-08 18:00:00,0.221576,0
2013-10-08 19:00:00,0.2094411,0
2013-10-08 20:00:00,0.20624807,0
2013-10-08 21:00:00,0.19066109,0
2013-10-08 22:00:00,0.18066633,0
2013-10-08 23:00:00,0.16622993,0
2013-10-09 00:00:00,0.15674092,0
2013-10-09 01:00:00,0.14774388,0
2013-10-09 02:00:00,0.14612414,0
2013-10-09 03:00:00,0.15327013,0
2013-10-09 04:00:00,0.17060778,0
2013-10-09 05:00:00,0.18047887,0
2013-10-09 06:00:00,0.17411567,0
2013-10-09 07:00:00,0.16062155,0
2013-10-09 08:00:00,0.15120614,0
2013-10-09 09:00:00,0.14549655,0
2013-10-09 10:00:00,0.1362895,0
2013-10-09 11:00:00,0.13333762,0
2013-10-09 12:00:00,0.12815186,0
2013-10-09 13:00:00,0.12729338,0
2013-10-09 14:00:00,0.13296677,0
2013-10-09 15:00:00,0.14423354,0
2013-10-09 16:00:00,0.16060755,0
2013-10-09 17:00:00,0.17298247,0
2013-10-09 18:00:00,0.1650674,0
2013-10-09 19:00:00,0.15265076,0
2013-10-09 20:00:00,0.14417508,0
2013-10-09 21:00:00,0.13461976,0
2013-10-09 22:00:00,0.12669282,0
2013-10-09 23:00:00,0.119017616,0
2013-10-10 00:00:00,0.11801783,0
2013-10-10 01:00:00,0.120461285,0
2013-10-10 02:00:00,0.12830184,0
2013-10-10 03:00:00,0.14100592,0
2013-10-10 04:00:00,0.15729615,0
2013-10-10 05:00:00,0.16168308,0
2013-10-10 06:00:00,0.16049463,0
2013-10-10 07:00:00,0.15140529,0
2013-10-10 08:00:00,0.14178471,0
2013-10-10 09:00:00,0.1353425,0
2013-10-10 10:00:00,0.124699004,0
2013-10-10 11:00:00,0.11986349,0
2013-10-10 12:00:00,0.11650433,0
2013-10-10 13:00:00,0.1186067,0
2013-10-10 14:00:00,0.12627575,0
2013-10-10 15:00:00,0.13838175,0
2013-10-10 16:00:00,0.15540028,0
2013-10-10 17:00:00,0.17009349,0
2013-10-10 18:00:00,0.16970369,0
2013-10-10 19:00:00,0.15431444,0
2013-10-10 20:00:00,0.14668131,0
2013-10-10 21:00:00,0.13895507,0
2013-10-10 22:00:00,0.13342762,0
2013-10-10 23:00:00,0.12991013,0
2013-10-11 00:00:00,0.1297095,0
2013-10-11 01:00:00,0.13262764,0
2013-10-11 02:00:00,0.1396105,0
2013-10-11 03:00:00,0.15346763,0
2013-10-11 04:00:00,0.17027885,0
2013-10-11 05:00:00,0.17388459,0
2013-10-11 06:00:00,0.1686869,0
2013-10-11 07:00:00,0.15904471,0
2013-10-11 08:00:00,0.14812699,0
2013-10-11 09:00:00,0.14186853,0
2013-10-11 10:00:00,0.13444097,0
2013-10-11 11:00:00,0.1346537,0
2013-10-11 12:00:00,0.1346418,0
2013-10-11 13:00:00,0.13759166,0
2013-10-11 14:00:00,0.14677803,0
2013-10-11 15:00:00,0.16091365,0
2013-10-11 16:00:00,0.17761815,0
2013-10-11 17:00:00,0.18876171,0
2013-10-11 18:00:00,0.17914073,0
2013-10-11 19:00:00,0.17470567,0
2013-10-11 20:00:00,0.1699199,0
2013-10-14 19:00:00,0.16035381,0
2013-10-14 20:00:00,0.1529133,0
2013-10-14 21:00:00,0.14099362,0
2013-10-14 22:00:00,0.13665926,0
2013-10-14 23:00:00,0.13282743,0
2013-10-15 00:00:00,0.13676393,0
2013-10-15 01:00:00,0.14683186,0
2013-10-15 02:00:00,0.16595605,0
2013-10-15 03:00:00,0.17659196,0
2013-10-15 04:00:00,0.17342302,0
2013-10-15 05:00:00,0.15714268,0
2013-10-15 06:00:00,0.14789985,0
2013-10-15 07:00:00,0.1419221,0
2013-10-15 08:00:00,0.13166717,0
2013-10-15 09:00:00,0.1286083,0
2013-10-15 10:00:00,0.1262519,0
2013-10-15 11:00:00,0.12899692,0
2013-10-15 12:00:00,0.13788965,0
2013-10-15 13:00:00,0.15262906,0
2013-10-15 14:00:00,0.17339942,0
2013-10-15 15:00:00,0.18944286,0
2013-10-15 16:00:00,0.18451001,0
2013-10-15 17:00:00,0.17397006,0
2013-10-15 18:00:00,0.16336606,0
2013-10-15 19:00:00,0.14984642,0
2013-10-15 20:00:00,0.14000593,0
2013-10-15 21:00:00,0.13086918,0
2013-10-15 22:00:00,0.12928873,0
2013-10-15 23:00:00,0.12752473,0
2013-10-16 00:00:00,0.1329715,0
2013-10-16 01:00:00,0.14724545,0
2013-10-16 02:00:00,0.16457678,0
2013-10-16 03:00:00,0.16895962,0
2013-10-16 04:00:00,0.1644974,0
2013-10-16 05:00:00,0.15644543,0
2013-10-16 06:00:00,0.15341872,0
2013-10-16 07:00:00,0.14270103,0
2013-10-16 08:00:00,0.13231522,0
2013-10-16 09:00:00,0.127773,0
2013-10-16 10:00:00,0.1213781,0
2013-10-16 11:00:00,0.12081001,0
2013-10-16 12:00:00,0.1271564,0
2013-10-16 13:00:00,0.1394108,0
2013-10-16 14:00:00,0.15569316,0
2013-10-16 15:00:00,0.16845162,0
2013-10-16 16:00:00,0.1623631,0
2013-10-16 17:00:00,0.15234378,0
2013-10-16 18:00:00,0.14461753,0
2013-10-16 19:00:00,0.13510817,0
2013-10-16 20:00:00,0.12941487,0
2013-10-16 21:00:00,0.12528396,0
2013-10-16 22:00:00,0.12776156,0
2013-10-16 23:00:00,0.14534643,0
2013-10-17 00:00:00,0.16943309,0
2013-10-17 01:00:00,0.19027415,0
2013-10-17 02:00:00,0.21599302,0
2013-10-17 03:00:00,0.22119549,0
2013-10-17 04:00:00,0.22168289,0
2013-10-17 05:00:00,0.21875675,0
2013-10-17 06:00:00,0.21153082,0
2013-10-17 07:00:00,0.20375222,0
2013-10-17 08:00:00,0.1972384,0
2013-10-17 09:00:00,0.19804999,0
2013-10-17 10:00:00,0.19510871,0
2013-10-17 11:00:00,0.19535846,0
2013-10-17 12:00:00,0.20182917,0
2013-10-17 13:00:00,0.2128869,0
2013-10-17 14:00:00,0.23061427,0
2013-10-17 15:00:00,0.2488999,0
2013-10-17 16:00:00,0.23986591,0
2013-10-17 17:00:00,0.22252677,0
2013-10-17 18:00:00,0.21890214,0
2013-10-17 19:00:00,0.20379779,0
2013-10-17 20:00:00,0.18724746,0
2013-10-17 21:00:00,0.17261632,0
2013-10-17 22:00:00,0.16015513,0
2013-10-17 23:00:00,0.14931266,0
2013-10-18 00:00:00,0.14710306,0
2013-10-18 01:00:00,0.1554168,0
2013-10-18 02:00:00,0.17836837,0
2013-10-18 03:00:00,0.19715396,0
2013-10-18 04:00:00,0.1935294,0
2013-10-18 05:00:00,0.17982599,0
2013-10-18 06:00:00,0.1715976,0
2013-10-18 07:00:00,0.16518924,0
2013-10-18 08:00:00,0.15409043,0
2013-10-18 09:00:00,0.14942281,0
2013-10-18 10:00:00,0.14557083,0
2013-10-18 11:00:00,0.14752327,0
2013-10-18 12:00:00,0.15603697,0
2013-10-18 13:00:00,0.16837732,0
2013-10-18 14:00:00,0.18737733,0
2013-10-18 15:00:00,0.20040075,0
2013-10-18 16:00:00,0.18884909,0
2013-10-18 17:00:00,0.17509563,0
2013-10-18 18:00:00,0.1651815,0
2013-10-18 19:00:00,0.15130568,0
2013-10-18 20:00:00,0.13967074,0
2013-10-18 21:00:00,0.12727073,0
2013-10-18 22:00:00,0.12215266,0
2013-10-18 23:00:00,0.122031055,0
2013-10-19 00:00:00,0.12723477,0
2013-10-19 01:00:00,0.14285462,0
2013-10-19 02:00:00,0.15962712,0
2013-10-19 03:00:00,0.16424954,0
2013-10-19 04:00:00,0.16060959,0
2013-10-19 05:00:00,0.15655565,0
2013-10-19 06:00:00,0.14544758,0
2013-10-19 07:00:00,0.14241269,0
2013-10-19 08:00:00,0.13081238,0
2013-10-19 09:00:00,0.12557209,0
2013-10-19 10:00:00,0.119782336,0
2013-10-19 11:00:00,0.12008602,0
2013-10-19 12:00:00,0.1271282,0
2013-10-19 13:00:00,0.1410685,0
2013-10-19 14:00:00,0.1592189,0
2013-10-19 15:00:00,0.17231393,0
2013-10-19 16:00:00,0.1705985,0
2013-10-19 17:00:00,0.16207168,0
2013-10-19 18:00:00,0.15787776,0
2013-10-19 19:00:00,0.14976503,0
2013-10-19 20:00:00,0.14391956,0
2013-10-19 21:00:00,0.13615562,0
2013-10-19 22:00:00,0.133483,0
2013-10-19 23:00:00,0.13214538,0
2013-10-20 00:00:00,0.13652094,0
2013-10-20 01:00:00,0.14696047,0
2013-10-20 02:00:00,0.16163778,0
2013-10-20 03:00:00,0.1592588,0
2013-10-20 04:00:00,0.15540235,0
2013-10-20 05:00:00,0.14966944,0
2013-10-20 06:00:00,0.1433881,0
2013-10-20 07:00:00,0.13741162,0
2013-10-20 08:00:00,0.12644488,0
2013-10-20 09:00:00,0.123100646,0
2013-10-20 10:00:00,0.11978444,0
2013-10-20 11:00:00,0.121034645,0
2013-10-20 12:00:00,0.12810272,0
2013-10-20 13:00:00,0.13854279,0
2013-10-20 14:00:00,0.15333691,0
2013-10-20 15:00:00,0.16591209,0
2013-10-20 16:00:00,0.16991499,0
2013-10-20 17:00:00,0.16706362,0
2013-10-20 18:00:00,0.15818636,0
2013-10-20 19:00:00,0.14998277,0
2013-10-20 20:00:00,0.14363734,0
2013-10-20 21:00:00,0.13763748,0
2013-10-20 22:00:00,0.13748506,0
2013-10-20 23:00:00,0.13739343,0
2013-10-21 00:00:00,0.1433396,0
2013-10-21 01:00:00,0.15703474,0
2013-10-21 02:00:00,0.1730084,0
2013-10-21 03:00:00,0.1799479,0
2013-10-21 04:00:00,0.18061118,0
2013-10-21 05:00:00,0.18039115,0
2013-10-21 06:00:00,0.17260887,0
2013-10-21 07:00:00,0.17026323,0
2013-10-21 08:00:00,0.15927179,0
2013-10-21 09:00:00,0.15724847,0
2013-10-21 10:00:00,0.15298419,0
2013-10-21 11:00:00,0.15215941,0
2013-10-21 12:00:00,0.15653825,0
2013-10-21 13:00:00,0.16513078,0
2013-10-21 14:00:00,0.18022251,0
2013-10-21 15:00:00,0.1834236,0
2013-10-21 16:00:00,0.16853969,0
2013-10-21 17:00:00,0.15907803,0
2013-10-21 18:00:00,0.15168539,0
2013-10-21 19:00:00,0.1410296,0
2013-10-21 20:00:00,0.13556497,0
2013-10-21 21:00:00,0.12938632,0
2013-10-21 22:00:00,0.12818044,0
2013-10-21 23:00:00,0.12903997,0
2013-10-22 00:00:00,0.1342468,0
2013-10-22 01:00:00,0.14903113,0
2013-10-22 02:00:00,0.16816513,0
2013-10-22 03:00:00,0.17760393,0
2013-10-22 04:00:00,0.17517771,0
2013-10-22 05:00:00,0.17002623,0
2013-10-22 06:00:00,0.1611505,0
2013-10-22 07:00:00,0.15382938,0
2013-10-22 08:00:00,0.13905989,0
2013-10-22 09:00:00,0.13449018,0
2013-10-22 10:00:00,0.12969698,0
2013-10-22 11:00:00,0.12970057,0
2013-10-22 12:00:00,0.13503061,0
2013-10-22 13:00:00,0.14660843,0
2013-10-22 14:00:00,0.16291857,0
2013-10-22 15:00:00,0.17561224,0
2013-10-22 16:00:00,0.16735059,0
2013-10-22 17:00:00,0.15615344,0
2013-10-22 18:00:00,0.14904448,0
2013-10-22 19:00:00,0.1401387,0
2013-10-22 20:00:00,0.13421623,0
2013-10-22 21:00:00,0.12661716,0
2013-10-22 22:00:00,0.12495672,0
2013-10-22 23:00:00,0.12616666,0
2013-10-23 00:00:00,0.13431828,0
2013-10-23 01:00:00,0.14997852,0
2013-10-23 02:00:00,0.17008817,0
2013-10-23 03:00:00,0.1737301,0
2013-10-23 04:00:00,0.16916446,0
2013-10-23 05:00:00,0.16080491,0
2013-10-23 06:00:00,0.15295665,0
2013-10-23 07:00:00,0.14560468,0
2013-10-23 08:00:00,0.13609864,0
2013-10-23 09:00:00,0.12987268,0
2013-10-23 10:00:00,0.12487294,0
2013-10-23 11:00:00,0.12756923,0
2013-10-23 12:00:00,0.13631232,0
2013-10-23 13:00:00,0.1508434,0
2013-10-23 14:00:00,0.16926323,0
2013-10-23 15:00:00,0.18574813,0
2013-10-23 16:00:00,0.18366489,0
2013-10-23 17:00:00,0.17164433,0
2013-10-23 18:00:00,0.16544753,0
2013-10-23 19:00:00,0.15625915,0
2013-10-23 20:00:00,0.1485441,0
2013-10-23 21:00:00,0.14234586,0
2013-10-23 22:00:00,0.14267015,0
2013-10-23 23:00:00,0.14664748,0
2013-10-24 00:00:00,0.15736285,0
2013-10-24 01:00:00,0.17506012,0
2013-10-24 02:00:00,0.20039624,0
2013-10-24 03:00:00,0.2195799,0
2013-10-24 04:00:00,0.22019078,0
2013-10-24 05:00:00,0.20715393,0
2013-10-24 06:00:00,0.1984371,0
2013-10-24 07:00:00,0.18977286,0
2013-10-24 08:00:00,0.17741348,0
2013-10-24 09:00:00,0.1690266,0
2013-10-24 10:00:00,0.15873155,0
2013-10-24 11:00:00,0.15386048,0
2013-10-24 12:00:00,0.15630652,0
2013-10-24 13:00:00,0.16681294,0
2013-10-24 14:00:00,0.18263002,0
2013-10-24 15:00:00,0.18759951,0
2013-10-24 16:00:00,0.18134472,0
2013-10-24 17:00:00,0.18170609,0
2013-10-24 18:00:00,0.17671962,0
2013-10-24 19:00:00,0.17203031,0
2013-10-24 20:00:00,0.1684577,0
2013-10-24 21:00:00,0.16536227,0
2013-10-24 22:00:00,0.16807759,0
2013-10-24 23:00:00,0.17261702,0
2013-10-25 00:00:00,0.17746885,0
2013-10-25 01:00:00,0.18900567,0
2013-10-25 02:00:00,0.20052415,0
2013-10-25 03:00:00,0.20075476,0
2013-10-25 04:00:00,0.1919399,0
2013-10-25 05:00:00,0.17704666,0
2013-10-25 06:00:00,0.15896681,0
2013-10-25 07:00:00,0.14597943,0
2013-10-25 08:00:00,0.13237602,0
2013-10-25 09:00:00,0.12937668,0
2013-10-25 10:00:00,0.12976037,0
2013-10-25 11:00:00,0.13491333,0
2013-10-25 12:00:00,0.14834331,0
2013-10-25 13:00:00,0.16466674,0
2013-10-25 14:00:00,0.18298088,0
2013-10-25 15:00:00,0.19656913,0
2013-10-25 16:00:00,0.19855002,0
2013-10-25 17:00:00,0.18679725,0
2013-10-25 18:00:00,0.1776802,0
2013-10-25 19:00:00,0.16465867,0
2013-10-25 20:00:00,0.15558007,0
2013-10-25 21:00:00,0.14642785,0
2013-10-25 22:00:00,0.14291489,0
2013-10-25 23:00:00,0.13940187,0
2013-10-26 00:00:00,0.14161053,0
2013-10-26 01:00:00,0.15345232,0
2013-10-26 02:00:00,0.16878578,0
2013-10-26 03:00:00,0.17206688,0
2013-10-26 04:00:00,0.16727051,0
2013-10-26 05:00:00,0.16111816,0
2013-10-26 06:00:00,0.1537164,0
2013-10-26 07:00:00,0.14551422,0
2013-10-26 08:00:00,0.13096783,0
2013-10-26 09:00:00,0.12865245,0
2013-10-26 10:00:00,0.12268325,0
2013-10-26 11:00:00,0.12232005,0
2013-10-26 12:00:00,0.12908822,0
2013-10-26 13:00:00,0.14149319,0
2013-10-26 14:00:00,0.15767346,0
2013-10-26 15:00:00,0.1694884,0
2013-10-26 16:00:00,0.16683236,0
2013-10-26 17:00:00,0.16279364,0
2013-10-26 18:00:00,0.15687792,0
2013-10-26 19:00:00,0.1476855,0
2013-10-26 20:00:00,0.14043331,0
2013-10-26 21:00:00,0.13246182,0
2013-10-26 22:00:00,0.13033424,0
2013-10-26 23:00:00,0.12891333,0
2013-10-27 00:00:00,0.13348156,0
2013-10-27 01:00:00,0.143132,0
2013-10-27 02:00:00,0.15961535,0
2013-10-27 03:00:00,0.1618102,0
2013-10-27 04:00:00,0.15808184,0
2013-10-27 05:00:00,0.15734145,0
2013-10-27 06:00:00,0.14580512,0
2013-10-27 07:00:00,0.14036052,0
2013-10-27 08:00:00,0.12874687,0
2013-10-27 09:00:00,0.12623262,0
2013-10-27 10:00:00,0.120558195,0
2013-10-27 11:00:00,0.121024385,0
2013-10-27 12:00:00,0.12784961,0
2013-10-27 13:00:00,0.13967031,0
2013-10-27 14:00:00,0.15482786,0
2013-10-27 15:00:00,0.1664222,0
2013-10-27 16:00:00,0.16356227,0
2013-10-27 17:00:00,0.15145911,0
2013-10-27 18:00:00,0.14669617,0
2013-10-27 19:00:00,0.14126085,0
2013-10-27 20:00:00,0.13656005,0
2013-10-27 21:00:00,0.13151123,0
2013-10-27 22:00:00,0.13046376,0
2013-10-27 23:00:00,0.13141012,0
2013-10-28 00:00:00,0.13697325,0
2013-10-28 01:00:00,0.14812356,0
2013-10-28 02:00:00,0.16038044,0
2013-10-28 03:00:00,0.15749495,0
2013-10-28 04:00:00,0.15240757,0
2013-10-28 05:00:00,0.14346525,0
2013-10-28 06:00:00,0.13206682,0
2013-10-28 07:00:00,0.12744495,0
2013-10-28 08:00:00,0.11757086,0
2013-10-28 09:00:00,0.116074584,0
2013-10-28 10:00:00,0.113027595,0
2013-10-28 11:00:00,0.11440168,0
2013-10-28 12:00:00,0.12276526,0
2013-10-28 13:00:00,0.13747838,0
2013-10-28 14:00:00,0.1596462,0
2013-10-28 15:00:00,0.18235119,0
2013-10-28 16:00:00,0.18747261,0
2013-10-28 17:00:00,0.17060868,0
2013-10-28 18:00:00,0.16814756,0
2013-10-28 19:00:00,0.16618486,0
2013-10-28 20:00:00,0.16472623,0
2013-10-28 21:00:00,0.1617949,0
2013-10-28 22:00:00,0.1642178,0
2013-10-28 23:00:00,0.16933349,0
2013-10-29 00:00:00,0.18080825,0
2013-10-29 01:00:00,0.19759001,0
2013-10-29 02:00:00,0.21947445,0
2013-10-29 03:00:00,0.23576707,0
2013-10-29 04:00:00,0.23070608,0
2013-10-29 05:00:00,0.21458703,0
2013-10-29 06:00:00,0.19830322,0
2013-10-29 07:00:00,0.18987806,0
2013-10-29 08:00:00,0.16832526,0
2013-10-29 09:00:00,0.16180502,0
2013-10-29 10:00:00,0.15087274,0
2013-10-29 11:00:00,0.14909571,0
2013-10-29 12:00:00,0.15656988,0
2013-10-29 13:00:00,0.17004333,0
2013-10-29 14:00:00,0.18760368,0
2013-10-29 15:00:00,0.19834912,0
2013-10-29 16:00:00,0.19159281,0
2013-10-29 17:00:00,0.18192247,0
2013-10-29 18:00:00,0.17576759,0
2013-10-29 19:00:00,0.16797577,0
2013-10-29 20:00:00,0.16129391,0
2013-10-29 21:00:00,0.15377064,0
2013-10-29 22:00:00,0.1516631,0
2013-10-29 23:00:00,0.15072872,0
2013-10-30 00:00:00,0.15371859,0
2013-10-30 01:00:00,0.16536061,0
2013-10-30 02:00:00,0.17816108,0
2013-10-30 03:00:00,0.17733622,0
2013-10-30 04:00:00,0.17176732,0
2013-10-30 05:00:00,0.16481908,0
2013-10-30 06:00:00,0.15125968,0
2013-10-30 07:00:00,0.1388594,0
2013-10-30 08:00:00,0.12506063,0
2013-10-30 09:00:00,0.12019491,0
2013-10-30 10:00:00,0.116906166,0
2013-10-30 11:00:00,0.11928199,0
2013-10-30 12:00:00,0.12689513,0
2013-10-30 13:00:00,0.13888682,0
2013-10-30 14:00:00,0.15317315,0
2013-10-30 15:00:00,0.1641351,0
2013-10-30 16:00:00,0.16320117,0
2013-10-30 17:00:00,0.15267499,0
2013-10-30 18:00:00,0.14542325,0
2013-10-30 19:00:00,0.1377306,0
2013-10-30 20:00:00,0.13260126,0
2013-10-30 21:00:00,0.1277638,0
2013-10-30 22:00:00,0.12938774,0
2013-10-30 23:00:00,0.13307759,0
2013-10-31 00:00:00,0.14318278,0
2013-10-31 01:00:00,0.15639803,0
2013-10-31 02:00:00,0.17522492,0
2013-10-31 03:00:00,0.18096092,0
2013-10-31 04:00:00,0.18313263,0
2013-10-31 05:00:00,0.18143515,0
2013-10-31 06:00:00,0.174859,0
2013-10-31 07:00:00,0.16867556,0
2013-10-31 08:00:00,0.15559633,0
2013-10-31 09:00:00,0.15094802,0
2013-10-31 10:00:00,0.14457135,0
2013-10-31 11:00:00,0.14271958,0
2013-10-31 12:00:00,0.14698426,0
2013-10-31 13:00:00,0.15609053,0
2013-10-31 14:00:00,0.16991954,0
2013-10-31 15:00:00,0.1767643,0
2013-10-31 16:00:00,0.1699952,0
2013-10-31 17:00:00,0.16277651,0
2013-10-31 18:00:00,0.15746634,0
2013-10-31 19:00:00,0.15059035,0
2013-10-31 20:00:00,0.14441279,0
2013-10-31 21:00:00,0.13975805,0
2013-10-31 22:00:00,0.14025241,0
2013-10-31 23:00:00,0.14465797,0
2013-11-01 00:00:00,0.15167591,0
2013-11-01 01:00:00,0.16640775,0
2013-11-01 02:00:00,0.18309431,0
2013-11-01 03:00:00,0.18683879,0
2013-11-01 04:00:00,0.18501797,0
2013-11-01 05:00:00,0.17551503,0
2013-11-01 06:00:00,0.16502301,0
2013-11-01 07:00:00,0.15714736,0
2013-11-01 08:00:00,0.14803901,0
2013-11-01 09:00:00,0.14455757,0
2013-11-01 10:00:00,0.14264867,0
2013-11-01 11:00:00,0.1452116,0
2013-11-01 12:00:00,0.15485314,0
2013-11-01 13:00:00,0.16767447,0
2013-11-01 14:00:00,0.18305285,0
2013-11-01 15:00:00,0.19499297,0
2013-11-01 16:00:00,0.199017,0
2013-11-01 17:00:00,0.19016497,0
2013-11-01 18:00:00,0.18060204,0
2013-11-01 19:00:00,0.16969924,0
2013-11-01 20:00:00,0.16118453,0
2013-11-01 21:00:00,0.1566736,0
2013-11-01 22:00:00,0.15441895,0
2013-11-01 23:00:00,0.15704626,0
2013-11-02 00:00:00,0.1599857,0
2013-11-02 01:00:00,0.16852352,0
2013-11-02 02:00:00,0.17694964,0
2013-11-02 03:00:00,0.17848775,0
2013-11-02 04:00:00,0.17203322,0
2013-11-02 05:00:00,0.16394809,0
2013-11-02 06:00:00,0.15328458,0
2013-11-02 07:00:00,0.14517239,0
2013-11-02 08:00:00,0.13309559,0
2013-11-02 09:00:00,0.1273457,0
2013-11-02 10:00:00,0.12434468,0
2013-11-02 11:00:00,0.1268879,0
2013-11-02 12:00:00,0.1352673,0
2013-11-02 13:00:00,0.1477249,0
2013-11-02 14:00:00,0.16335256,0
2013-11-02 15:00:00,0.17219426,0
2013-11-02 16:00:00,0.17072937,0
2013-11-02 17:00:00,0.16355541,0
2013-11-02 18:00:00,0.1572777,0
2013-11-02 19:00:00,0.14835562,0
2013-11-02 20:00:00,0.14023158,0
2013-11-02 21:00:00,0.13326843,0
2013-11-02 22:00:00,0.13356557,0
2013-11-02 23:00:00,0.13973796,0
2013-11-03 00:00:00,0.14765699,0
2013-11-03 01:00:00,0.1611943,0
2013-11-03 02:00:00,0.1754719,0
2013-11-03 03:00:00,0.17811291,0
2013-11-03 04:00:00,0.17499386,0
2013-11-03 05:00:00,0.16898659,0
2013-11-03 06:00:00,0.16153376,0
2013-11-03 07:00:00,0.15220985,0
2013-11-03 08:00:00,0.14057498,0
2013-11-03 09:00:00,0.13913819,0
2013-11-03 10:00:00,0.13705094,0
2013-11-03 11:00:00,0.1385947,0
2013-11-03 12:00:00,0.1442973,0
2013-11-03 13:00:00,0.1530842,0
2013-11-03 14:00:00,0.16745365,0
2013-11-03 15:00:00,0.17736928,0
2013-11-03 16:00:00,0.17725027,0
2013-11-03 17:00:00,0.16717936,0
2013-11-03 18:00:00,0.16113971,0
2013-11-03 19:00:00,0.15264814,0
2013-11-03 20:00:00,0.14624599,0
2013-11-03 21:00:00,0.13940427,0
2013-11-03 22:00:00,0.13822582,0
2013-11-03 23:00:00,0.13850668,0
2013-11-04 00:00:00,0.14403468,0
2013-11-04 01:00:00,0.15723011,0
2013-11-04 02:00:00,0.17523138,0
2013-11-04 03:00:00,0.18114533,0
2013-11-04 04:00:00,0.17846897,0
2013-11-04 05:00:00,0.16466257,0
2013-11-04 06:00:00,0.15349309,0
2013-11-04 07:00:00,0.14439127,0
2013-11-04 08:00:00,0.13486807,0
2013-11-04 09:00:00,0.13327937,0
2013-11-04 10:00:00,0.13060266,0
2013-11-04 11:00:00,0.13216995,0
2013-11-04 12:00:00,0.13922298,0
2013-11-04 13:00:00,0.15030877,0
2013-11-04 14:00:00,0.16498248,0
2013-11-04 15:00:00,0.17548342,0
2013-11-04 16:00:00,0.16926597,0
2013-11-04 17:00:00,0.15619002,0
2013-11-04 18:00:00,0.15073733,0
2013-11-04 19:00:00,0.14299433,0
2013-11-04 20:00:00,0.13769118,0
2013-11-04 21:00:00,0.13237326,0
2013-11-04 22:00:00,0.13097894,0
2013-11-04 23:00:00,0.13030644,0
2013-11-05 00:00:00,0.1334472,0
2013-11-05 01:00:00,0.14555332,0
2013-11-05 02:00:00,0.16307913,0
2013-11-05 03:00:00,0.16814688,0
2013-11-05 04:00:00,0.16332261,0
2013-11-05 05:00:00,0.15334754,0
2013-11-05 06:00:00,0.14468464,0
2013-11-05 07:00:00,0.13831528,0
2013-11-05 08:00:00,0.12734792,0
2013-11-05 09:00:00,0.12484999,0
2013-11-05 10:00:00,0.12144176,0
2013-11-05 11:00:00,0.122012295,0
2013-11-05 12:00:00,0.12850384,0
2013-11-05 13:00:00,0.13988046,0
2013-11-05 14:00:00,0.15484294,0
2013-11-05 15:00:00,0.1632112,0
2013-11-05 16:00:00,0.15730347,0
2013-11-05 17:00:00,0.15006372,0
2013-11-05 18:00:00,0.14348702,0
2013-11-05 19:00:00,0.13539143,0
2013-11-05 20:00:00,0.12932764,0
2013-11-05 21:00:00,0.12572397,0
2013-11-05 22:00:00,0.12761414,0
2013-11-05 23:00:00,0.13387056,0
2013-11-06 00:00:00,0.14363037,0
2013-11-06 01:00:00,0.16022237,0
2013-11-06 02:00:00,0.17744029,0
2013-11-06 03:00:00,0.18285424,0
2013-11-06 04:00:00,0.17872217,0
2013-11-06 05:00:00,0.16965051,0
2013-11-06 06:00:00,0.16047075,0
2013-11-06 07:00:00,0.15454152,0
2013-11-06 08:00:00,0.14595334,0
2013-11-06 09:00:00,0.14422157,0
2013-11-06 10:00:00,0.1441461,0
2013-11-06 11:00:00,0.14781728,0
2013-11-06 12:00:00,0.15705256,0
2013-11-06 13:00:00,0.16911685,0
2013-11-06 14:00:00,0.18406579,0
2013-11-06 15:00:00,0.19614765,0
2013-11-06 16:00:00,0.19845322,0
2013-11-06 17:00:00,0.18959591,0
2013-11-06 18:00:00,0.17894933,0
2013-11-06 19:00:00,0.16986845,0
2013-11-06 20:00:00,0.16280694,0
2013-11-06 21:00:00,0.15592793,0
2013-11-06 22:00:00,0.15271068,0
2013-11-06 23:00:00,0.15345798,0
2013-11-07 00:00:00,0.15861543,0
2013-11-07 01:00:00,0.16636126,0
2013-11-07 02:00:00,0.18125448,0
2013-11-07 03:00:00,0.18430775,0
2013-11-07 04:00:00,0.18444555,0
2013-11-07 05:00:00,0.18220527,0
2013-11-07 06:00:00,0.1757291,0
2013-11-07 07:00:00,0.17315045,0
2013-11-07 08:00:00,0.16252652,0
2013-11-07 09:00:00,0.15808384,0
2013-11-07 10:00:00,0.1544991,0
2013-11-07 11:00:00,0.15606183,0
2013-11-07 12:00:00,0.16476125,0
2013-11-07 13:00:00,0.1760954,0
2013-11-07 14:00:00,0.19310878,0
2013-11-07 15:00:00,0.20683429,0
2013-11-07 16:00:00,0.20990926,0
2013-11-07 17:00:00,0.19780904,0
2013-11-07 18:00:00,0.18827935,0
2013-11-07 19:00:00,0.1788183,0
2013-11-07 20:00:00,0.17362463,0
2013-11-07 21:00:00,0.16999929,0
2013-11-07 22:00:00,0.17124653,0
2013-11-07 23:00:00,0.17509826,0
2013-11-08 00:00:00,0.17884895,0
2013-11-08 01:00:00,0.1885587,0
2013-11-08 02:00:00,0.19598787,0
2013-11-08 03:00:00,0.19513966,0
2013-11-08 04:00:00,0.18824089,0
2013-11-08 05:00:00,0.17844999,0
2013-11-08 06:00:00,0.16742475,0
2013-11-08 07:00:00,0.16019867,0
2013-11-08 08:00:00,0.14889309,0
2013-11-08 09:00:00,0.14420985,0
2013-11-08 10:00:00,0.14060146,0
2013-11-08 11:00:00,0.13993178,0
2013-11-08 12:00:00,0.14585455,0
2013-11-08 13:00:00,0.15557075,0
2013-11-08 14:00:00,0.17086595,0
2013-11-08 15:00:00,0.18368375,0
2013-11-08 16:00:00,0.18820247,0
2013-11-08 17:00:00,0.17805924,0
2013-11-08 18:00:00,0.16770278,0
2013-11-08 19:00:00,0.15976882,0
2013-11-08 20:00:00,0.15092438,0
2013-11-08 21:00:00,0.14251277,0
2013-11-08 22:00:00,0.1380765,0
2013-11-08 23:00:00,0.13856427,0
2013-11-09 00:00:00,0.14582911,0
2013-11-09 01:00:00,0.15953179,0
2013-11-09 02:00:00,0.17732754,0
2013-11-09 03:00:00,0.18120278,0
2013-11-09 04:00:00,0.17467579,0
2013-11-09 05:00:00,0.15894394,0
2013-11-09 06:00:00,0.14687574,0
2013-11-09 07:00:00,0.13723429,0
2013-11-09 08:00:00,0.12632453,0
2013-11-09 09:00:00,0.124247916,0
2013-11-09 10:00:00,0.122726575,0
2013-11-09 11:00:00,0.12538446,0
2013-11-09 12:00:00,0.1344219,0
2013-11-09 13:00:00,0.14850053,0
2013-11-09 14:00:00,0.16350031,0
2013-11-09 15:00:00,0.17294139,0
2013-11-09 16:00:00,0.16954839,0
2013-11-09 17:00:00,0.15658148,0
2013-11-09 18:00:00,0.14960508,0
2013-11-09 19:00:00,0.14144011,0
2013-11-09 20:00:00,0.1340823,0
2013-11-09 21:00:00,0.12606207,0
2013-11-09 22:00:00,0.123378836,0
2013-11-09 23:00:00,0.12322439,0
2013-11-10 00:00:00,0.1286512,0
2013-11-10 01:00:00,0.14206706,0
2013-11-10 02:00:00,0.15646784,0
2013-11-10 03:00:00,0.16349871,0
2013-11-10 04:00:00,0.16668716,0
2013-11-10 05:00:00,0.15912706,0
2013-11-10 06:00:00,0.14686444,0
2013-11-10 07:00:00,0.13749059,0
2013-11-10 08:00:00,0.12747772,0
2013-11-10 09:00:00,0.12313396,0
2013-11-10 10:00:00,0.1194193,0
2013-11-10 11:00:00,0.119993925,0
2013-11-10 12:00:00,0.1267597,0
2013-11-10 13:00:00,0.13861214,0
2013-11-10 14:00:00,0.1526955,0
2013-11-10 15:00:00,0.16182078,0
2013-11-10 16:00:00,0.16518247,0
2013-11-10 17:00:00,0.1605654,0
2013-11-10 18:00:00,0.15186998,0
2013-11-10 19:00:00,0.14253339,0
2013-11-10 20:00:00,0.13638669,0
2013-11-10 21:00:00,0.13183728,0
2013-11-10 22:00:00,0.1319411,0
2013-11-10 23:00:00,0.13343897,0
2013-11-11 00:00:00,0.13826162,0
2013-11-11 01:00:00,0.14927964,0
2013-11-11 02:00:00,0.16080864,0
2013-11-11 03:00:00,0.1611692,0
2013-11-11 04:00:00,0.1611583,0
2013-11-11 05:00:00,0.15376194,0
2013-11-11 06:00:00,0.14179014,0
2013-11-11 07:00:00,0.1339112,0
2013-11-11 08:00:00,0.12226569,0
2013-11-11 09:00:00,0.11827982,0
2013-11-11 10:00:00,0.11651607,0
2013-11-11 11:00:00,0.11888772,0
2013-11-11 12:00:00,0.12667413,0
2013-11-11 13:00:00,0.13821173,0
2013-11-11 14:00:00,0.15331694,0
2013-11-11 15:00:00,0.16241221,0
2013-11-11 16:00:00,0.16165932,0
2013-11-11 17:00:00,0.1508492,0
2013-11-11 18:00:00,0.14609668,0
2013-11-11 19:00:00,0.14047715,0
2013-11-11 20:00:00,0.13778207,0
2013-11-11 21:00:00,0.13513747,0
2013-11-11 22:00:00,0.13673903,0
2013-11-11 23:00:00,0.14007989,0
2013-11-12 00:00:00,0.14861237,0
2013-11-12 01:00:00,0.16320696,0
2013-11-12 02:00:00,0.1861601,0
2013-11-12 03:00:00,0.20053685,0
2013-11-12 04:00:00,0.2023954,0
2013-11-12 05:00:00,0.19202302,0
2013-11-12 06:00:00,0.1817399,0
2013-11-12 07:00:00,0.17303298,0
2013-11-12 08:00:00,0.15990146,0
2013-11-12 09:00:00,0.1531646,0
2013-11-12 10:00:00,0.14549825,0
2013-11-12 11:00:00,0.14293209,0
2013-11-12 12:00:00,0.14756359,0
2013-11-12 13:00:00,0.15804127,0
2013-11-12 14:00:00,0.17140801,0
2013-11-12 15:00:00,0.17927307,0
2013-11-12 16:00:00,0.16972753,0
2013-11-12 17:00:00,0.15797174,0
2013-11-12 18:00:00,0.15071134,0
2013-11-12 19:00:00,0.141336,0
2013-11-12 20:00:00,0.1341335,0
2013-11-12 21:00:00,0.12814729,0
2013-11-12 22:00:00,0.12835167,0
2013-11-12 23:00:00,0.13158321,0
2013-11-13 00:00:00,0.13947013,0
2013-11-13 01:00:00,0.1529934,0
2013-11-13 02:00:00,0.16886751,0
2013-11-13 03:00:00,0.169677,0
2013-11-13 04:00:00,0.16420497,0
2013-11-13 05:00:00,0.1547695,0
2013-11-13 06:00:00,0.14416999,0
2013-11-13 07:00:00,0.13565001,0
2013-11-13 08:00:00,0.12566218,0
2013-11-13 09:00:00,0.12397779,0
2013-11-13 10:00:00,0.12249823,0
2013-11-13 11:00:00,0.12596734,0
2013-11-13 12:00:00,0.1358887,0
2013-11-13 13:00:00,0.14935714,0
2013-11-13 14:00:00,0.1661084,0
2013-11-13 15:00:00,0.17752008,0
2013-11-13 16:00:00,0.17450933,0
2013-11-13 17:00:00,0.16379462,0
2013-11-13 18:00:00,0.15773702,0
2013-11-13 19:00:00,0.14876655,0
2013-11-13 20:00:00,0.14368384,0
2013-11-13 21:00:00,0.13483763,0
2013-11-13 22:00:00,0.13252239,0
2013-11-13 23:00:00,0.13135146,0
2013-11-14 00:00:00,0.13805372,0
2013-11-14 01:00:00,0.15153949,0
2013-11-14 02:00:00,0.16971919,0
2013-11-14 03:00:00,0.17445509,0
2013-11-14 04:00:00,0.16806261,0
2013-11-14 05:00:00,0.15718034,0
2013-11-14 06:00:00,0.14691764,0
2013-11-14 07:00:00,0.1405836,0
2013-11-14 08:00:00,0.13298623,0
2013-11-14 09:00:00,0.13129169,0
2013-11-14 10:00:00,0.13020246,0
2013-11-14 11:00:00,0.13438526,0
2013-11-14 12:00:00,0.14397538,0
2013-11-14 13:00:00,0.15678537,0
2013-11-14 14:00:00,0.17414658,0
2013-11-14 15:00:00,0.18263714,0
2013-11-14 16:00:00,0.17622903,0
2013-11-14 17:00:00,0.17690217,0
2013-11-14 18:00:00,0.16952837,0
2013-11-14 19:00:00,0.16129458,0
2013-11-14 20:00:00,0.15390691,0
2013-11-14 21:00:00,0.14449753,0
2013-11-14 22:00:00,0.14112608,0
2013-11-14 23:00:00,0.13790134,0
2013-11-15 00:00:00,0.13914122,0
2013-11-15 01:00:00,0.1476111,0
2013-11-15 02:00:00,0.1655784,0
2013-11-15 03:00:00,0.17486905,0
2013-11-15 04:00:00,0.1723036,0
2013-11-15 05:00:00,0.15668876,0
2013-11-15 06:00:00,0.14544651,0
2013-11-15 07:00:00,0.13807546,0
2013-11-15 08:00:00,0.12959202,0
2013-11-15 09:00:00,0.12773247,0
2013-11-15 10:00:00,0.12546937,0
2013-11-15 11:00:00,0.12853901,0
2013-11-15 12:00:00,0.13823153,0
2013-11-15 13:00:00,0.15378855,0
2013-11-15 14:00:00,0.17330094,0
2013-11-15 15:00:00,0.18900126,0
2013-11-15 16:00:00,0.18382108,0
2013-11-15 17:00:00,0.17637709,0
2013-11-15 18:00:00,0.17062022,0
2013-11-15 19:00:00,0.15850003,0
2013-11-15 20:00:00,0.1497941,0
2013-11-15 21:00:00,0.14134857,0
2013-11-15 22:00:00,0.13873784,0
2013-11-15 23:00:00,0.13673614,0
2013-11-16 00:00:00,0.14002389,0
2013-11-16 01:00:00,0.15025027,0
2013-11-16 02:00:00,0.1669037,0
2013-11-16 03:00:00,0.17288135,0
2013-11-16 04:00:00,0.16441949,0
2013-11-16 05:00:00,0.15686874,0
2013-11-16 06:00:00,0.15139583,0
2013-11-16 07:00:00,0.14470056,0
2013-11-16 08:00:00,0.13278662,0
2013-11-16 09:00:00,0.1300043,0
2013-11-16 10:00:00,0.12477416,0
2013-11-16 11:00:00,0.12413656,0
2013-11-16 12:00:00,0.13037284,0
2013-11-16 13:00:00,0.14321454,0
2013-11-16 14:00:00,0.16097143,0
2013-11-16 15:00:00,0.17288576,0
2013-11-16 16:00:00,0.16789311,0
2013-11-16 17:00:00,0.16815996,0
2013-11-16 18:00:00,0.16380909,0
2013-11-16 19:00:00,0.15553543,0
2013-11-16 20:00:00,0.14842875,0
2013-11-16 21:00:00,0.13783243,0
2013-11-16 22:00:00,0.13347028,0
2013-11-16 23:00:00,0.13061507,0
2013-11-17 00:00:00,0.13471381,0
2013-11-17 01:00:00,0.14719544,0
2013-11-17 02:00:00,0.1625007,0
2013-11-17 03:00:00,0.16100982,0
2013-11-17 04:00:00,0.16344865,0
2013-11-17 05:00:00,0.15571283,0
2013-11-17 06:00:00,0.14851114,0
2013-11-17 07:00:00,0.13835046,0
2013-11-17 08:00:00,0.13030875,0
2013-11-17 09:00:00,0.12783137,0
2013-11-17 10:00:00,0.12308869,0
2013-11-17 11:00:00,0.1231142,0
2013-11-17 12:00:00,0.1303808,0
2013-11-17 13:00:00,0.14146449,0
2013-11-17 14:00:00,0.15655018,0
2013-11-17 15:00:00,0.16979149,0
2013-11-17 16:00:00,0.17253558,0
2013-11-17 17:00:00,0.15997007,0
2013-11-17 18:00:00,0.15032761,0
2013-11-17 19:00:00,0.14079449,0
2013-11-17 20:00:00,0.1344728,0
2013-11-17 21:00:00,0.13064168,0
2013-11-17 22:00:00,0.1311873,0
2013-11-17 23:00:00,0.13287313,0
2013-11-18 00:00:00,0.13942944,0
2013-11-18 01:00:00,0.14884607,0
2013-11-18 02:00:00,0.15787184,0
2013-11-18 03:00:00,0.16106384,0
2013-11-18 04:00:00,0.16293676,0
2013-11-18 05:00:00,0.15761682,0
2013-11-18 06:00:00,0.14808232,0
2013-11-18 07:00:00,0.1380184,0
2013-11-18 08:00:00,0.12782915,0
2013-11-18 09:00:00,0.12253265,0
2013-11-18 10:00:00,0.11976167,0
2013-11-18 11:00:00,0.12137983,0
2013-11-18 12:00:00,0.127185,0
2013-11-18 13:00:00,0.13681819,0
2013-11-18 14:00:00,0.15331039,0
2013-11-18 15:00:00,0.16894881,0
2013-11-18 16:00:00,0.17298576,0
2013-11-18 17:00:00,0.1607838,0
2013-11-18 18:00:00,0.1532217,0
2013-11-18 19:00:00,0.14708702,0
2013-11-18 20:00:00,0.14469135,0
2013-11-18 21:00:00,0.14559634,0
2013-11-18 22:00:00,0.15208483,0
2013-11-18 23:00:00,0.16078031,0
2013-11-19 00:00:00,0.17271449,0
2013-11-19 01:00:00,0.19071147,0
2013-11-19 02:00:00,0.21413574,0
2013-11-19 03:00:00,0.23642765,0
2013-11-19 04:00:00,0.24959148,0
2013-11-19 05:00:00,0.23338452,0
2013-11-19 06:00:00,0.22232778,0
2013-11-19 07:00:00,0.21524577,0
2013-11-19 08:00:00,0.20155153,0
2013-11-19 09:00:00,0.1929548,0
2013-11-19 10:00:00,0.1789803,0
2013-11-19 11:00:00,0.16936678,0
2013-11-19 12:00:00,0.16717134,0
2013-11-19 13:00:00,0.1733291,0
2013-11-19 14:00:00,0.18606533,0
2013-11-19 15:00:00,0.19865799,0
2013-11-19 16:00:00,0.1902187,0
2013-11-19 17:00:00,0.17651242,0
2013-11-19 18:00:00,0.17032038,0
2013-11-19 19:00:00,0.16435614,0
2013-11-19 20:00:00,0.16240223,0
2013-11-19 21:00:00,0.15962666,0
2013-11-19 22:00:00,0.16169465,0
2013-11-19 23:00:00,0.16637632,0
2013-11-20 00:00:00,0.17844701,0
2013-11-20 01:00:00,0.19786328,0
2013-11-20 02:00:00,0.22274603,0
2013-11-20 03:00:00,0.23666537,0
2013-11-20 04:00:00,0.23149274,0
2013-11-20 05:00:00,0.2195752,0
2013-11-20 06:00:00,0.20902842,0
2013-11-20 07:00:00,0.20224628,0
2013-11-20 08:00:00,0.18925047,0
2013-11-20 09:00:00,0.18320113,0
2013-11-20 10:00:00,0.17787825,0
2013-11-20 11:00:00,0.1765071,0
2013-11-20 12:00:00,0.17962225,0
2013-11-20 13:00:00,0.18612202,0
2013-11-20 14:00:00,0.19529495,0
2013-11-20 15:00:00,0.19482939,0
2013-11-20 16:00:00,0.18230306,0
2013-11-20 17:00:00,0.17687106,0
2013-11-20 18:00:00,0.17149244,0
2013-11-20 19:00:00,0.16130069,0
2013-11-20 20:00:00,0.15479007,0
2013-11-20 21:00:00,0.14812323,0
2013-11-20 22:00:00,0.14935526,0
2013-11-20 23:00:00,0.15260747,0
2013-11-21 00:00:00,0.16037047,0
2013-11-21 01:00:00,0.17617457,0
2013-11-21 02:00:00,0.1963599,0
2013-11-21 03:00:00,0.19985038,0
2013-11-21 04:00:00,0.19464162,0
2013-11-21 05:00:00,0.1847162,0
2013-11-21 06:00:00,0.17500761,0
2013-11-21 07:00:00,0.16610515,0
2013-11-21 08:00:00,0.15408629,0
2013-11-21 09:00:00,0.14934304,0
2013-11-21 10:00:00,0.14430532,0
2013-11-21 11:00:00,0.14416471,0
2013-11-21 12:00:00,0.15018515,0
2013-11-21 13:00:00,0.16078931,0
2013-11-21 14:00:00,0.1763017,0
2013-11-21 15:00:00,0.19085442,0
2013-11-21 16:00:00,0.19614974,0
2013-11-21 17:00:00,0.1803909,0
2013-11-21 18:00:00,0.16765335,0
2013-11-21 19:00:00,0.15797038,0
2013-11-21 20:00:00,0.15148446,0
2013-11-21 21:00:00,0.14646065,0
2013-11-21 22:00:00,0.14526203,0
2013-11-21 23:00:00,0.14894685,0
2013-11-22 00:00:00,0.1512309,0
2013-11-22 01:00:00,0.15889862,0
2013-11-22 02:00:00,0.17334332,0
2013-11-22 03:00:00,0.17695458,0
2013-11-22 04:00:00,0.1732771,0
2013-11-22 05:00:00,0.1648329,0
2013-11-22 06:00:00,0.15535133,0
2013-11-22 07:00:00,0.14958784,0
2013-11-22 08:00:00,0.13945502,0
2013-11-22 09:00:00,0.13743171,0
2013-11-22 10:00:00,0.13508433,0
2013-11-22 11:00:00,0.13764197,0
2013-11-22 12:00:00,0.14707288,0
2013-11-22 13:00:00,0.15848798,0
2013-11-22 14:00:00,0.17277691,0
2013-11-22 15:00:00,0.18192591,0
2013-11-22 16:00:00,0.17855102,0
2013-11-22 17:00:00,0.16769396,0
2013-11-22 18:00:00,0.16040443,0
2013-11-22 19:00:00,0.152446,0
2013-11-22 20:00:00,0.14538628,0
2013-11-22 21:00:00,0.13746144,0
2013-11-22 22:00:00,0.1365445,0
2013-11-22 23:00:00,0.13973753,0
2013-11-23 00:00:00,0.14662348,0
2013-11-23 01:00:00,0.15814742,0
2013-11-23 02:00:00,0.17188537,0
2013-11-23 03:00:00,0.17276353,0
2013-11-23 04:00:00,0.16797106,0
2013-11-23 05:00:00,0.15829542,0
2013-11-23 06:00:00,0.14741103,0
2013-11-23 07:00:00,0.13743412,0
2013-11-23 08:00:00,0.12507403,0
2013-11-23 09:00:00,0.121690795,0
2013-11-23 10:00:00,0.11802528,0
2013-11-23 11:00:00,0.11958937,0
2013-11-23 12:00:00,0.12854451,0
2013-11-23 13:00:00,0.14166282,0
2013-11-23 14:00:00,0.15752894,0
2013-11-23 15:00:00,0.16847886,0
2013-11-23 16:00:00,0.16494843,0
2013-11-23 17:00:00,0.15512939,0
2013-11-23 18:00:00,0.14681543,0
2013-11-23 19:00:00,0.13778031,0
2013-11-23 20:00:00,0.1306018,0
2013-11-23 21:00:00,0.12397565,0
2013-11-23 22:00:00,0.121516794,0
2013-11-23 23:00:00,0.121383496,0
2013-11-24 00:00:00,0.12666787,0
2013-11-24 01:00:00,0.13950746,0
2013-11-24 02:00:00,0.15710834,0
2013-11-24 03:00:00,0.16065913,0
2013-11-24 04:00:00,0.16026276,0
2013-11-24 05:00:00,0.15227304,0
2013-11-24 06:00:00,0.1440418,0
2013-11-24 07:00:00,0.13538913,0
2013-11-24 08:00:00,0.12603152,0
2013-11-24 09:00:00,0.12326394,0
2013-11-24 10:00:00,0.12046773,0
2013-11-24 11:00:00,0.12274992,0
2013-11-24 12:00:00,0.13079661,0
2013-11-24 13:00:00,0.14272137,0
2013-11-24 14:00:00,0.15788372,0
2013-11-24 15:00:00,0.16963977,0
2013-11-24 16:00:00,0.16926523,0
2013-11-24 17:00:00,0.1561561,0
2013-11-24 18:00:00,0.14821032,0
2013-11-24 19:00:00,0.13962269,0
2013-11-24 20:00:00,0.13333537,0
2013-11-24 21:00:00,0.12762322,0
2013-11-24 22:00:00,0.12739375,0
2013-11-24 23:00:00,0.13125399,0
2013-11-25 00:00:00,0.14022435,0
2013-11-25 01:00:00,0.15387227,0
2013-11-25 02:00:00,0.16900152,0
2013-11-25 03:00:00,0.16913922,0
2013-11-25 04:00:00,0.16364224,0
2013-11-25 05:00:00,0.15501049,0
2013-11-25 06:00:00,0.14435838,0
2013-11-25 07:00:00,0.13790986,0
2013-11-25 08:00:00,0.12666266,0
2013-11-25 09:00:00,0.124244034,0
2013-11-25 10:00:00,0.1219932,0
2013-11-25 11:00:00,0.12403499,0
2013-11-25 12:00:00,0.1317734,0
2013-11-25 13:00:00,0.1434401,0
2013-11-25 14:00:00,0.158812,0
2013-11-25 15:00:00,0.16911528,0
2013-11-25 16:00:00,0.16349757,0
2013-11-25 17:00:00,0.15312818,0
2013-11-25 18:00:00,0.14761437,0
2013-11-25 19:00:00,0.13926794,0
2013-11-25 20:00:00,0.13322869,0
2013-11-25 21:00:00,0.12778623,0
2013-11-25 22:00:00,0.1286597,0
2013-11-25 23:00:00,0.13086526,0
2013-11-26 00:00:00,0.13688533,0
2013-11-26 01:00:00,0.14993463,0
2013-11-26 02:00:00,0.16779752,0
2013-11-26 03:00:00,0.17053886,0
2013-11-26 04:00:00,0.16530792,0
2013-11-26 05:00:00,0.15669264,0
2013-11-26 06:00:00,0.14772704,0
2013-11-26 07:00:00,0.14075008,0
2013-11-26 08:00:00,0.13016903,0
2013-11-26 09:00:00,0.12519698,0
2013-11-26 10:00:00,0.121127285,0
2013-11-26 11:00:00,0.1224662,0
2013-11-26 12:00:00,0.13142508,0
2013-11-26 13:00:00,0.14389822,0
2013-11-26 14:00:00,0.15999617,0
2013-11-26 15:00:00,0.16974944,0
2013-11-26 16:00:00,0.16493888,0
2013-11-26 17:00:00,0.1540347,0
2013-11-26 18:00:00,0.14715928,0
2013-11-26 19:00:00,0.14125395,0
2013-11-26 20:00:00,0.13667016,0
2013-11-26 21:00:00,0.1317405,0
2013-11-26 22:00:00,0.12884417,0
2013-11-26 23:00:00,0.12923674,0
2013-11-27 00:00:00,0.13640112,0
2013-11-27 01:00:00,0.1516004,0
2013-11-27 02:00:00,0.1708127,0
2013-11-27 03:00:00,0.17455828,0
2013-11-27 04:00:00,0.17249882,0
2013-11-27 05:00:00,0.16681035,0
2013-11-27 06:00:00,0.16183378,0
2013-11-27 07:00:00,0.15893061,0
2013-11-27 08:00:00,0.15304784,0
2013-11-27 09:00:00,0.15160172,0
2013-11-27 10:00:00,0.14785449,0
2013-11-27 11:00:00,0.14957435,0
2013-11-27 12:00:00,0.15775973,0
2013-11-27 13:00:00,0.16986115,0
2013-11-27 14:00:00,0.18572997,0
2013-11-27 15:00:00,0.1991549,0
2013-11-27 16:00:00,0.20350865,0
2013-11-27 17:00:00,0.1911537,0
2013-11-27 18:00:00,0.1821757,0
2013-11-27 19:00:00,0.17415611,0
2013-11-27 20:00:00,0.16674073,0
2013-11-27 21:00:00,0.16398239,0
2013-11-27 22:00:00,0.1630875,0
2013-11-27 23:00:00,0.16809678,0
2013-11-28 00:00:00,0.17434289,0
2013-11-28 01:00:00,0.18490764,0
2013-11-28 02:00:00,0.20125797,0
2013-11-28 03:00:00,0.20953238,0
2013-11-28 04:00:00,0.21176407,0
2013-11-28 05:00:00,0.21459588,0
2013-11-28 06:00:00,0.20674832,0
2013-11-28 07:00:00,0.19995567,0
2013-11-28 08:00:00,0.19124226,0
2013-11-28 09:00:00,0.18858562,0
2013-11-28 10:00:00,0.18717515,0
2013-11-28 11:00:00,0.18921167,0
2013-11-28 12:00:00,0.19657013,0
2013-11-28 13:00:00,0.20921633,0
2013-11-28 14:00:00,0.22845018,0
2013-11-28 15:00:00,0.24660844,0
2013-11-28 16:00:00,0.25644594,0
2013-11-28 17:00:00,0.2479108,0
2013-11-28 18:00:00,0.23949428,0
2013-11-28 19:00:00,0.22590871,0
2013-11-28 20:00:00,0.21775672,0
2013-11-28 21:00:00,0.21351628,0
2013-11-28 22:00:00,0.2152289,0
2013-11-28 23:00:00,0.22010973,0
2013-11-29 00:00:00,0.22488892,0
2013-11-29 01:00:00,0.23820019,0
2013-11-29 02:00:00,0.25447422,0
2013-11-29 03:00:00,0.26315755,0
2013-11-29 04:00:00,0.26902777,0
2013-11-29 05:00:00,0.26915807,0
2013-11-29 06:00:00,0.2709995,0
2013-11-29 07:00:00,0.2719214,0
2013-11-29 08:00:00,0.26664272,0
2013-11-29 09:00:00,0.26618126,0
2013-11-29 10:00:00,0.26234585,0
2013-11-29 11:00:00,0.26769057,0
2013-11-29 12:00:00,0.28271878,0
2013-11-29 13:00:00,0.30267197,0
2013-11-29 14:00:00,0.3266333,0
2013-11-29 15:00:00,0.34430903,0
2013-11-29 16:00:00,0.34582424,0
2013-11-29 17:00:00,0.338113,0
2013-11-29 18:00:00,0.3351527,0
2013-11-29 19:00:00,0.33461976,0
2013-11-29 20:00:00,0.3338548,0
2013-11-29 21:00:00,0.3326754,0
2013-11-29 22:00:00,0.33648992,0
2013-11-29 23:00:00,0.34785718,0
2013-11-30 00:00:00,0.36152458,0
2013-11-30 01:00:00,0.37991947,0
2013-11-30 02:00:00,0.3934818,0
2013-11-30 03:00:00,0.39936292,0
2013-11-30 04:00:00,0.39801708,0
2013-11-30 05:00:00,0.39049122,0
2013-11-30 06:00:00,0.379415,0
2013-11-30 07:00:00,0.3607791,0
2013-11-30 08:00:00,0.34149307,0
2013-11-30 09:00:00,0.33168933,0
2013-11-30 10:00:00,0.32734114,0
2013-11-30 11:00:00,0.32486084,0
2013-11-30 12:00:00,0.32987645,0
2013-11-30 13:00:00,0.33571488,0
2013-11-30 14:00:00,0.35280263,0
2013-11-30 15:00:00,0.36902806,0
2013-11-30 16:00:00,0.37757137,0
2013-11-30 17:00:00,0.35792056,0
2013-11-30 18:00:00,0.34680817,0
2013-11-30 19:00:00,0.33702946,0
2013-11-30 20:00:00,0.33659047,0
2013-11-30 21:00:00,0.33537805,0
2013-11-30 22:00:00,0.3399525,0
2013-11-30 23:00:00,0.34368548,0
2013-12-01 00:00:00,0.3545876,0
2013-12-01 01:00:00,0.37187055,0
2013-12-01 02:00:00,0.39006633,0
2013-12-01 03:00:00,0.3901115,0
2013-12-01 04:00:00,0.38252145,0
2013-12-01 05:00:00,0.37370172,0
2013-12-01 06:00:00,0.36390644,0
2013-12-01 07:00:00,0.35586515,0
2013-12-01 08:00:00,0.34187475,0
2013-12-01 09:00:00,0.3385425,0
2013-12-01 10:00:00,0.3300195,0
2013-12-01 11:00:00,0.3267838,0
2013-12-01 12:00:00,0.33035487,0
2013-12-01 13:00:00,0.34149334,0
2013-12-01 14:00:00,0.3565951,0
2013-12-01 15:00:00,0.37048876,0
2013-12-01 16:00:00,0.37839085,0
2013-12-01 17:00:00,0.37432048,0
2013-12-01 18:00:00,0.35511523,0
2013-12-01 19:00:00,0.32737964,0
2013-12-01 20:00:00,0.30496117,0
2013-12-01 21:00:00,0.2884926,0
2013-12-01 22:00:00,0.27599153,0
2013-12-01 23:00:00,0.26676047,0
2013-12-02 00:00:00,0.26146922,0
2013-12-02 01:00:00,0.2588961,0
2013-12-02 02:00:00,0.26058352,0
2013-12-02 03:00:00,0.25258523,0
2013-12-02 04:00:00,0.24237862,0
2013-12-02 05:00:00,0.22883952,0
2013-12-02 06:00:00,0.21048315,0
2013-12-02 07:00:00,0.19464102,0
2013-12-02 08:00:00,0.178209,0
2013-12-02 09:00:00,0.17366059,0
2013-12-02 10:00:00,0.17065,0
2013-12-02 11:00:00,0.16870196,0
2013-12-02 12:00:00,0.17258428,0
2013-12-02 13:00:00,0.17957391,0
2013-12-02 14:00:00,0.1927505,0
2013-12-02 15:00:00,0.20167844,0
2013-12-02 16:00:00,0.2019127,0
2013-12-02 17:00:00,0.1858886,0
2013-12-02 18:00:00,0.17550223,0
2013-12-02 19:00:00,0.16478716,0
2013-12-02 20:00:00,0.15582342,0
2013-12-02 21:00:00,0.14848271,0
2013-12-02 22:00:00,0.1450493,0
2013-12-02 23:00:00,0.14388388,0
2013-12-03 00:00:00,0.14384377,0
2013-12-03 01:00:00,0.15324351,0
2013-12-03 02:00:00,0.16725032,0
2013-12-03 03:00:00,0.17470828,0
2013-12-03 04:00:00,0.17141947,0
2013-12-03 05:00:00,0.15585592,0
2013-12-03 06:00:00,0.14405449,0
2013-12-03 07:00:00,0.13529961,0
2013-12-03 08:00:00,0.12511687,0
2013-12-03 09:00:00,0.12260573,0
2013-12-03 10:00:00,0.12117278,0
2013-12-03 11:00:00,0.12546149,0
2013-12-03 12:00:00,0.13464682,0
2013-12-03 13:00:00,0.14687796,0
2013-12-03 14:00:00,0.16072775,0
2013-12-03 15:00:00,0.16990173,0
2013-12-03 16:00:00,0.16519243,0
2013-12-03 17:00:00,0.15344235,0
2013-12-03 18:00:00,0.14589879,0
2013-12-03 19:00:00,0.13665004,0
2013-12-03 20:00:00,0.13015266,0
2013-12-03 21:00:00,0.123985924,0
2013-12-03 22:00:00,0.12452667,0
2013-12-03 23:00:00,0.13079128,0
2013-12-04 00:00:00,0.14322704,0
2013-12-04 01:00:00,0.16036241,0
2013-12-04 02:00:00,0.17917858,0
2013-12-04 03:00:00,0.18210633,0
2013-12-04 04:00:00,0.17988305,0
2013-12-04 05:00:00,0.1730511,0
2013-12-04 06:00:00,0.16517296,0
2013-12-04 07:00:00,0.15763739,0
2013-12-04 08:00:00,0.14542218,0
2013-12-04 09:00:00,0.14057672,0
2013-12-04 10:00:00,0.13566792,0
2013-12-04 11:00:00,0.13689466,0
2013-12-04 12:00:00,0.14356075,0
2013-12-04 13:00:00,0.1554462,0
2013-12-04 14:00:00,0.1691548,0
2013-12-04 15:00:00,0.17869946,0
2013-12-04 16:00:00,0.1769788,0
2013-12-04 17:00:00,0.16576944,0
2013-12-04 18:00:00,0.15593016,0
2013-12-04 19:00:00,0.14694859,0
2013-12-04 20:00:00,0.14012475,0
2013-12-04 21:00:00,0.13388303,0
2013-12-04 22:00:00,0.13355848,0
2013-12-04 23:00:00,0.13463262,0
2013-12-05 00:00:00,0.14012298,0
2013-12-05 01:00:00,0.15293038,0
2013-12-05 02:00:00,0.16923779,0
2013-12-05 03:00:00,0.17264417,0
2013-12-05 04:00:00,0.17094323,0
2013-12-05 05:00:00,0.16643646,0
2013-12-05 06:00:00,0.16150169,0
2013-12-05 07:00:00,0.15392841,0
2013-12-05 08:00:00,0.14305456,0
2013-12-05 09:00:00,0.1388962,0
2013-12-05 10:00:00,0.13510014,0
2013-12-05 11:00:00,0.13727751,0
2013-12-05 12:00:00,0.14407322,0
2013-12-05 13:00:00,0.15596355,0
2013-12-05 14:00:00,0.17054921,0
2013-12-05 15:00:00,0.1836867,0
2013-12-05 16:00:00,0.18512912,0
2013-12-05 17:00:00,0.1746453,0
2013-12-05 18:00:00,0.16670129,0
2013-12-05 19:00:00,0.15881652,0
2013-12-05 20:00:00,0.15046312,0
2013-12-05 21:00:00,0.14559813,0
2013-12-05 22:00:00,0.14598715,0
2013-12-05 23:00:00,0.14814031,0
2013-12-06 00:00:00,0.152608,0
2013-12-06 01:00:00,0.16568835,0
2013-12-06 02:00:00,0.18041912,0
2013-12-06 03:00:00,0.18358408,0
2013-12-06 04:00:00,0.18041989,0
2013-12-06 05:00:00,0.17484309,0
2013-12-06 06:00:00,0.16405645,0
2013-12-06 07:00:00,0.1545627,0
2013-12-06 08:00:00,0.14288412,0
2013-12-06 09:00:00,0.13742985,0
2013-12-06 10:00:00,0.13246277,0
2013-12-06 11:00:00,0.13194306,0
2013-12-06 12:00:00,0.13787226,0
2013-12-06 13:00:00,0.1483808,0
2013-12-06 14:00:00,0.16397813,0
2013-12-06 15:00:00,0.17715023,0
2013-12-06 16:00:00,0.18326017,0
2013-12-06 17:00:00,0.17553829,0
2013-12-06 18:00:00,0.16353905,0
2013-12-06 19:00:00,0.15401748,0
2013-12-06 20:00:00,0.1465471,0
2013-12-06 21:00:00,0.14141871,0
2013-12-06 22:00:00,0.140398,0
2013-12-06 23:00:00,0.1425022,0
2013-12-07 00:00:00,0.14485459,0
2013-12-07 01:00:00,0.15642673,0
2013-12-07 02:00:00,0.16849916,0
2013-12-07 03:00:00,0.16906409,0
2013-12-07 04:00:00,0.16199239,0
2013-12-07 05:00:00,0.15405487,0
2013-12-07 06:00:00,0.14587902,0
2013-12-07 07:00:00,0.13962695,0
2013-12-07 08:00:00,0.129102,0
2013-12-07 09:00:00,0.12553439,0
2013-12-07 10:00:00,0.12249402,0
2013-12-07 11:00:00,0.12553728,0
2013-12-07 12:00:00,0.13355544,0
2013-12-07 13:00:00,0.14469993,0
2013-12-07 14:00:00,0.15771148,0
2013-12-07 15:00:00,0.16514269,0
2013-12-07 16:00:00,0.15995748,0
2013-12-07 17:00:00,0.15112627,0
2013-12-07 18:00:00,0.14481981,0
2013-12-07 19:00:00,0.13797653,0
2013-12-07 20:00:00,0.1321202,0
2013-12-07 21:00:00,0.12604004,0
2013-12-07 22:00:00,0.1258366,0
2013-12-07 23:00:00,0.12750173,0
2013-12-08 00:00:00,0.13399811,0
2013-12-08 01:00:00,0.14571454,0
2013-12-08 02:00:00,0.162206,0
2013-12-08 03:00:00,0.16614766,0
2013-12-08 04:00:00,0.16290474,0
2013-12-08 05:00:00,0.15431146,0
2013-12-08 06:00:00,0.14501639,0
2013-12-08 07:00:00,0.13905904,0
2013-12-08 08:00:00,0.12850887,0
2013-12-08 09:00:00,0.12575254,0
2013-12-08 10:00:00,0.123222716,0
2013-12-08 11:00:00,0.124966756,0
2013-12-08 12:00:00,0.13309278,0
2013-12-08 13:00:00,0.14418516,0
2013-12-08 14:00:00,0.15935238,0
2013-12-08 15:00:00,0.1707853,0
2013-12-08 16:00:00,0.17116901,0
2013-12-08 17:00:00,0.16071737,0
2013-12-08 18:00:00,0.15283966,0
2013-12-08 19:00:00,0.14560477,0
2013-12-08 20:00:00,0.13809103,0
2013-12-08 21:00:00,0.13095248,0
2013-12-08 22:00:00,0.1292846,0
2013-12-08 23:00:00,0.13083735,0
2013-12-09 00:00:00,0.13515502,0
2013-12-09 01:00:00,0.14487842,0
2013-12-09 02:00:00,0.1590283,0
2013-12-09 03:00:00,0.16320735,0
2013-12-09 04:00:00,0.15800075,0
2013-12-09 05:00:00,0.149135,0
2013-12-09 06:00:00,0.1423971,0
2013-12-09 07:00:00,0.13699123,0
2013-12-09 08:00:00,0.1258807,0
2013-12-09 09:00:00,0.12466636,0
2013-12-09 10:00:00,0.12556909,0
2013-12-09 11:00:00,0.13072784,0
2013-12-09 12:00:00,0.14111504,0
2013-12-09 13:00:00,0.15396874,0
2013-12-09 14:00:00,0.1720944,0
2013-12-09 15:00:00,0.1880079,0
2013-12-09 16:00:00,0.19498113,0
2013-12-09 17:00:00,0.19068888,0
2013-12-09 18:00:00,0.18582241,0
2013-12-09 19:00:00,0.17661084,0
2013-12-09 20:00:00,0.16909716,0
2013-12-09 21:00:00,0.15958813,0
2013-12-09 22:00:00,0.15537818,0
2013-12-09 23:00:00,0.15158099,0
2013-12-10 00:00:00,0.15393311,0
2013-12-10 01:00:00,0.16368195,0
2013-12-10 02:00:00,0.17765851,0
2013-12-10 03:00:00,0.18047425,0
2013-12-10 04:00:00,0.17271376,0
2013-12-10 05:00:00,0.15740927,0
2013-12-10 06:00:00,0.14855844,0
2013-12-10 07:00:00,0.13992032,0
2013-12-10 08:00:00,0.12869766,0
2013-12-10 09:00:00,0.1261276,0
2013-12-10 10:00:00,0.12279414,0
2013-12-10 11:00:00,0.12514026,0
2013-12-10 12:00:00,0.13268164,0
2013-12-10 13:00:00,0.14434825,0
2013-12-10 14:00:00,0.15958185,0
2013-12-10 15:00:00,0.16790578,0
2013-12-10 16:00:00,0.15983419,0
2013-12-10 17:00:00,0.15131108,0
2013-12-10 18:00:00,0.14316443,0
2013-12-10 19:00:00,0.13470715,0
2013-12-10 20:00:00,0.12766647,0
2013-12-10 21:00:00,0.12188242,0
2013-12-10 22:00:00,0.12064268,0
2013-12-10 23:00:00,0.12308582,0
2013-12-11 00:00:00,0.13013913,0
2013-12-11 01:00:00,0.1432062,0
2013-12-11 02:00:00,0.15433659,0
2013-12-11 03:00:00,0.16072677,0
2013-12-11 04:00:00,0.15817639,0
2013-12-11 05:00:00,0.15019755,0
2013-12-11 06:00:00,0.1418494,0
2013-12-11 07:00:00,0.13666554,0
2013-12-11 08:00:00,0.12457357,0
2013-12-11 09:00:00,0.121088654,0
2013-12-11 10:00:00,0.11719998,0
2013-12-11 11:00:00,0.11905352,0
2013-12-11 12:00:00,0.12675965,0
2013-12-11 13:00:00,0.1385642,0
2013-12-11 14:00:00,0.15203847,0
2013-12-11 15:00:00,0.16030753,0
2013-12-11 16:00:00,0.1609768,0
2013-12-11 17:00:00,0.15447122,0
2013-12-11 18:00:00,0.14865352,0
2013-12-11 19:00:00,0.14137909,0
2013-12-11 20:00:00,0.13661444,0
2013-12-11 21:00:00,0.13338411,0
2013-12-11 22:00:00,0.13515584,0
2013-12-11 23:00:00,0.13923852,0
2013-12-12 00:00:00,0.14954293,0
2013-12-12 01:00:00,0.16585441,0
2013-12-12 02:00:00,0.18688025,0
2013-12-12 03:00:00,0.19767232,0
2013-12-12 04:00:00,0.1971644,0
2013-12-12 05:00:00,0.18954061,0
2013-12-12 06:00:00,0.18072444,0
2013-12-12 07:00:00,0.17424779,0
2013-12-12 08:00:00,0.1628524,0
2013-12-12 09:00:00,0.15657578,0
2013-12-12 10:00:00,0.14952034,0
2013-12-12 11:00:00,0.14774963,0
2013-12-12 12:00:00,0.15144992,0
2013-12-12 13:00:00,0.16037592,0
2013-12-12 14:00:00,0.1717933,0
2013-12-12 15:00:00,0.17712787,0
2013-12-12 16:00:00,0.16656101,0
2013-12-12 17:00:00,0.15809137,0
2013-12-12 18:00:00,0.1528227,0
2013-12-12 19:00:00,0.14493634,0
2013-12-12 20:00:00,0.13898142,0
2013-12-12 21:00:00,0.13235329,0
2013-12-12 22:00:00,0.1315952,0
2013-12-12 23:00:00,0.13463733,0
2013-12-13 00:00:00,0.14183973,0
2013-12-13 01:00:00,0.15509832,0
2013-12-13 02:00:00,0.17155117,0
2013-12-13 03:00:00,0.17374389,0
2013-12-13 04:00:00,0.17072608,0
2013-12-13 05:00:00,0.16340706,0
2013-12-13 06:00:00,0.1542888,0
2013-12-13 07:00:00,0.14583543,0
2013-12-13 08:00:00,0.13400018,0
2013-12-13 09:00:00,0.13033894,0
2013-12-13 10:00:00,0.1263816,0
2013-12-13 11:00:00,0.12814768,0
2013-12-13 12:00:00,0.13580434,0
2013-12-13 13:00:00,0.1492,0
2013-12-13 14:00:00,0.16545074,0
2013-12-13 15:00:00,0.17738144,0
2013-12-13 16:00:00,0.1762566,0
2013-12-13 17:00:00,0.16653822,0
2013-12-13 18:00:00,0.15858753,0
2013-12-13 19:00:00,0.14834388,0
2013-12-13 20:00:00,0.14067627,0
2013-12-13 21:00:00,0.1334313,0
2013-12-13 22:00:00,0.13255663,0
2013-12-13 23:00:00,0.13370414,0
2013-12-14 00:00:00,0.14005111,0
2013-12-14 01:00:00,0.15248871,0
2013-12-14 02:00:00,0.16950147,0
2013-12-14 03:00:00,0.17644155,0
2013-12-14 04:00:00,0.17403916,0
2013-12-14 05:00:00,0.15833506,0
2013-12-14 06:00:00,0.14722234,0
2013-12-14 07:00:00,0.13877742,0
2013-12-14 08:00:00,0.12824751,0
2013-12-14 09:00:00,0.12536226,0
2013-12-14 10:00:00,0.12267512,0
2013-12-14 11:00:00,0.12490879,0
2013-12-14 12:00:00,0.1323667,0
2013-12-14 13:00:00,0.14461908,0
2013-12-14 14:00:00,0.15962371,0
2013-12-14 15:00:00,0.16660869,0
2013-12-14 16:00:00,0.15955916,0
2013-12-14 17:00:00,0.15223885,0
2013-12-14 18:00:00,0.14725682,0
2013-12-14 19:00:00,0.14102282,0
2013-12-14 20:00:00,0.1375097,0
2013-12-14 21:00:00,0.13514528,0
2013-12-14 22:00:00,0.14289038,0
2013-12-14 23:00:00,0.15168306,0
2013-12-15 00:00:00,0.16731411,0
2013-12-15 01:00:00,0.19107822,0
2013-12-15 02:00:00,0.21987502,0
2013-12-15 03:00:00,0.23127533,0
2013-12-15 04:00:00,0.2377897,0
2013-12-15 05:00:00,0.24431303,0
2013-12-15 06:00:00,0.2425277,0
2013-12-15 07:00:00,0.24038175,0
2013-12-15 08:00:00,0.23177676,0
2013-12-15 09:00:00,0.23333532,0
2013-12-15 10:00:00,0.23311909,0
2013-12-15 11:00:00,0.23531345,0
2013-12-15 12:00:00,0.2451864,0
2013-12-15 13:00:00,0.2579519,0
2013-12-15 14:00:00,0.27500167,0
2013-12-15 15:00:00,0.29166022,0
2013-12-15 16:00:00,0.29134014,0
2013-12-15 17:00:00,0.28239608,0
2013-12-15 18:00:00,0.2816915,0
2013-12-15 19:00:00,0.27991655,0
2013-12-15 20:00:00,0.28156984,0
2013-12-15 21:00:00,0.28397578,0
2013-12-15 22:00:00,0.2883764,0
2013-12-15 23:00:00,0.2965656,0
2013-12-16 00:00:00,0.30611128,0
2013-12-16 01:00:00,0.31999242,0
2013-12-16 02:00:00,0.33855698,0
2013-12-16 03:00:00,0.34698746,0
2013-12-16 04:00:00,0.35383174,0
2013-12-16 05:00:00,0.3539609,0
2013-12-16 06:00:00,0.34890494,0
2013-12-16 07:00:00,0.34517202,0
2013-12-16 08:00:00,0.33293995,0
2013-12-16 09:00:00,0.32936996,0
2013-12-16 10:00:00,0.3264764,0
2013-12-16 11:00:00,0.32853466,0
2013-12-16 12:00:00,0.33571532,0
2013-12-16 13:00:00,0.34792995,0
2013-12-16 14:00:00,0.3698928,0
2013-12-16 15:00:00,0.3903716,0
2013-12-16 16:00:00,0.39987865,0
2013-12-16 17:00:00,0.38934427,0
2013-12-16 18:00:00,0.37121722,0
2013-12-16 19:00:00,0.35035318,0
2013-12-16 20:00:00,0.33575225,0
2013-12-16 21:00:00,0.32245952,0
2013-12-16 22:00:00,0.31449112,0
2013-12-16 23:00:00,0.3109072,0
2013-12-17 00:00:00,0.30962086,0
2013-12-17 01:00:00,0.31268397,0
2013-12-17 02:00:00,0.31229177,0
2013-12-17 03:00:00,0.3009237,0
2013-12-17 04:00:00,0.28457943,0
2013-12-17 05:00:00,0.26746935,0
2013-12-17 06:00:00,0.2528911,0
2013-12-17 07:00:00,0.23797031,0
2013-12-17 08:00:00,0.22371855,0
2013-12-17 09:00:00,0.21311074,0
2013-12-17 10:00:00,0.20394094,0
2013-12-17 11:00:00,0.20026653,0
2013-12-17 12:00:00,0.20399076,0
2013-12-17 13:00:00,0.21308577,0
2013-12-17 14:00:00,0.22471432,0
2013-12-17 15:00:00,0.23381393,0
2013-12-17 16:00:00,0.22738206,0
2013-12-17 17:00:00,0.21063167,0
2013-12-17 18:00:00,0.19797766,0
2013-12-17 19:00:00,0.18572924,0
2013-12-17 20:00:00,0.17550232,0
2013-12-17 21:00:00,0.16650379,0
2013-12-17 22:00:00,0.16316673,0
2013-12-17 23:00:00,0.16237524,0
2013-12-18 00:00:00,0.16717629,0
2013-12-18 01:00:00,0.17858632,0
2013-12-18 02:00:00,0.19466777,0
2013-12-18 03:00:00,0.200185,0
2013-12-18 04:00:00,0.19830522,0
2013-12-18 05:00:00,0.19294743,0
2013-12-18 06:00:00,0.1880251,0
2013-12-18 07:00:00,0.18390766,0
2013-12-18 08:00:00,0.1749831,0
2013-12-18 09:00:00,0.16981465,0
2013-12-18 10:00:00,0.16432193,0
2013-12-18 11:00:00,0.16619423,0
2013-12-18 12:00:00,0.17511542,0
2013-12-18 13:00:00,0.18696907,0
2013-12-18 14:00:00,0.20148341,0
2013-12-18 15:00:00,0.21325736,0
2013-12-18 16:00:00,0.21836393,0
2013-12-18 17:00:00,0.2057224,0
2013-12-18 18:00:00,0.19661474,0
2013-12-18 19:00:00,0.18693456,0
2013-12-18 20:00:00,0.1813886,0
2013-12-18 21:00:00,0.17798546,0
2013-12-18 22:00:00,0.1756671,0
2013-12-18 23:00:00,0.17709947,0
2013-12-19 00:00:00,0.1820625,0
2013-12-19 01:00:00,0.19139689,0
2013-12-19 02:00:00,0.19698654,0
2013-12-19 03:00:00,0.1938487,0
2013-12-19 04:00:00,0.18774308,0
2013-12-19 05:00:00,0.17996602,0
2013-12-19 06:00:00,0.1692238,0
2013-12-19 07:00:00,0.15947731,0
2013-12-19 08:00:00,0.14708155,0
2013-12-19 09:00:00,0.14176925,0
2013-12-19 10:00:00,0.13589337,0
2013-12-19 11:00:00,0.13441904,0
2013-12-19 12:00:00,0.1395211,0
2013-12-19 13:00:00,0.15137039,0
2013-12-19 14:00:00,0.16721635,0
2013-12-19 15:00:00,0.17917447,0
2013-12-19 16:00:00,0.17547372,0
2013-12-19 17:00:00,0.16295356,0
2013-12-19 18:00:00,0.1530981,0
2013-12-19 19:00:00,0.1430434,0
2013-12-19 20:00:00,0.13564594,0
2013-12-19 21:00:00,0.1289294,0
2013-12-19 22:00:00,0.12834093,0
2013-12-19 23:00:00,0.12851204,0
2013-12-20 00:00:00,0.13572767,0
2013-12-20 01:00:00,0.15088712,0
2013-12-20 02:00:00,0.17116094,0
2013-12-20 03:00:00,0.17765644,0
2013-12-20 04:00:00,0.17201911,0
2013-12-20 05:00:00,0.15967087,0
2013-12-20 06:00:00,0.14947435,0
2013-12-20 07:00:00,0.14504044,0
2013-12-20 08:00:00,0.13666612,0
2013-12-20 09:00:00,0.13635537,0
2013-12-20 10:00:00,0.13422908,0
2013-12-20 11:00:00,0.13533606,0
2013-12-20 12:00:00,0.14259802,0
2013-12-20 13:00:00,0.15342149,0
2013-12-20 14:00:00,0.16956832,0
2013-12-20 15:00:00,0.1813782,0
2013-12-20 16:00:00,0.18425438,0
2013-12-20 17:00:00,0.17245853,0
2013-12-20 18:00:00,0.16777742,0
2013-12-20 19:00:00,0.16130058,0
2013-12-20 20:00:00,0.15702802,0
2013-12-20 21:00:00,0.15564883,0
2013-12-20 22:00:00,0.15718175,0
2013-12-20 23:00:00,0.16249815,0
2013-12-21 00:00:00,0.1745223,0
2013-12-21 01:00:00,0.19600768,0
2013-12-21 02:00:00,0.22438109,0
2013-12-21 03:00:00,0.24427249,0
2013-12-21 04:00:00,0.2626602,0
2013-12-21 05:00:00,0.27600843,0
2013-12-21 06:00:00,0.2839196,0
2013-12-21 07:00:00,0.2883107,0
2013-12-21 08:00:00,0.2875683,0
2013-12-21 09:00:00,0.29463226,0
2013-12-21 10:00:00,0.30197117,0
2013-12-21 11:00:00,0.31571034,0
2013-12-21 12:00:00,0.33528075,0
2013-12-21 13:00:00,0.36215234,0
2013-12-21 14:00:00,0.39459386,0
2013-12-21 15:00:00,0.42687345,0
2013-12-21 16:00:00,0.4450025,0
2013-12-21 17:00:00,0.4491917,0
2013-12-21 18:00:00,0.45448807,0
2013-12-21 19:00:00,0.46986738,0
2013-12-21 20:00:00,0.49273092,0
2013-12-21 21:00:00,0.52605903,0
2013-12-21 22:00:00,0.57500255,0
2013-12-21 23:00:00,0.6463876,0
2013-12-22 00:00:00,0.7247399,0
2013-12-22 01:00:00,0.8070744,0
2013-12-22 02:00:00,0.88891447,0
2013-12-22 03:00:00,0.96713364,0
2013-12-22 04:00:00,1.0416425,0
2013-12-22 05:00:00,1.1044189,0
2013-12-22 06:00:00,1.1685846,0
2013-12-22 07:00:00,1.2319926,0
2013-12-22 08:00:00,1.2900481,0
2013-12-22 09:00:00,1.3492367,0
2013-12-22 10:00:00,1.4082398,0
2013-12-22 11:00:00,1.4676164,1
2013-12-22 12:00:00,1.5330048,1
2013-12-22 13:00:00,1.5899055,1
2013-12-22 14:00:00,1.6508436,1
2013-12-22 15:00:00,1.7029648,1
2013-12-22 16:00:00,1.7514238,1
2013-12-22 17:00:00,1.8056942,1
2013-12-22 18:00:00,1.8778378,1
2013-12-22 19:00:00,1.9619973,1
2013-12-22 20:00:00,2.05955,1
2013-12-22 21:00:00,2.1615338,1
2013-12-22 22:00:00,2.2671504,1
2013-12-22 23:00:00,2.3572857,1
2013-12-23 00:00:00,2.4515576,1
2013-12-23 01:00:00,2.5472424,1
2013-12-23 02:00:00,2.6390774,1
2013-12-23 03:00:00,2.7004209,1
2013-12-23 04:00:00,2.7541826,1
2013-12-23 05:00:00,2.7984593,1
2013-12-23 06:00:00,2.8436978,1
2013-12-23 07:00:00,2.87776,1
2013-12-23 08:00:00,2.9063532,1
2013-12-23 09:00:00,2.932498,1
2013-12-23 10:00:00,2.9534695,1
2013-12-23 11:00:00,2.9712358,1
2013-12-23 12:00:00,2.9817166,1
2013-12-23 13:00:00,2.9910147,1
2013-12-23 14:00:00,2.9988747,1
2013-12-23 15:00:00,2.9940155,1
2013-12-23 16:00:00,2.9746177,1
2013-12-23 17:00:00,2.934644,1
2013-12-23 18:00:00,2.8763053,1
2013-12-23 19:00:00,2.80015,1
2013-12-23 20:00:00,2.701474,1
2013-12-23 21:00:00,2.590831,1
2013-12-23 22:00:00,2.471735,1
2013-12-23 23:00:00,2.3582706,1
2013-12-24 00:00:00,2.249418,1
2013-12-24 01:00:00,2.1552806,1
2013-12-24 02:00:00,2.062369,1
2013-12-24 03:00:00,1.9737902,1
2013-12-24 04:00:00,1.8789462,1
2013-12-24 05:00:00,1.7904354,1
2013-12-24 06:00:00,1.7010088,1
2013-12-24 07:00:00,1.620172,1
2013-12-24 08:00:00,1.5478246,1
2013-12-24 09:00:00,1.490799,1
2013-12-24 10:00:00,1.4426454,0
2013-12-24 11:00:00,1.4023386,0
2013-12-24 12:00:00,1.3696508,0
2013-12-24 13:00:00,1.3382316,0
2013-12-24 14:00:00,1.3062391,0
2013-12-24 15:00:00,1.2647741,0
2013-12-24 16:00:00,1.2153417,0
2013-12-24 17:00:00,1.1648517,0
2013-12-24 18:00:00,1.1156343,0
2013-12-24 19:00:00,1.0584315,0
2013-12-24 20:00:00,1.0067494,0
2013-12-24 21:00:00,0.9574863,0
2013-12-24 22:00:00,0.92110234,0
2013-12-24 23:00:00,0.8901943,0
2013-12-25 00:00:00,0.87044835,0
2013-12-25 01:00:00,0.85171556,0
2013-12-25 02:00:00,0.84112006,0
2013-12-25 03:00:00,0.81718606,0
2013-12-25 04:00:00,0.785463,0
2013-12-25 05:00:00,0.7591427,0
2013-12-25 06:00:00,0.72395074,0
2013-12-25 07:00:00,0.699679,0
2013-12-25 08:00:00,0.6637976,0
2013-12-25 09:00:00,0.63890165,0
2013-12-25 10:00:00,0.6084471,0
2013-12-25 11:00:00,0.58424515,0
2013-12-25 12:00:00,0.57408655,0
2013-12-25 13:00:00,0.5746762,0
2013-12-25 14:00:00,0.5854993,0
2013-12-25 15:00:00,0.5921556,0
2013-12-25 16:00:00,0.58865553,0
2013-12-25 17:00:00,0.56843096,0
2013-12-25 18:00:00,0.54366845,0
2013-12-25 19:00:00,0.52369595,0
2013-12-25 20:00:00,0.509127,0
2013-12-25 21:00:00,0.4952279,0
2013-12-25 22:00:00,0.48836663,0
2013-12-25 23:00:00,0.48127416,0
2013-12-26 00:00:00,0.47602344,0
2013-12-26 01:00:00,0.4755544,0
2013-12-26 02:00:00,0.47214863,0
2013-12-26 03:00:00,0.46134534,0
2013-12-26 04:00:00,0.44646344,0
2013-12-26 05:00:00,0.42326137,0
2013-12-26 06:00:00,0.407775,0
2013-12-26 07:00:00,0.38587347,0
2013-12-26 08:00:00,0.36569133,0
2013-12-26 09:00:00,0.35088518,0
2013-12-26 10:00:00,0.34183598,0
2013-12-26 11:00:00,0.3375113,0
2013-12-26 12:00:00,0.3360473,0
2013-12-26 13:00:00,0.33935615,0
2013-12-26 14:00:00,0.3457419,0
2013-12-26 15:00:00,0.35316616,0
2013-12-26 16:00:00,0.35049632,0
2013-12-26 17:00:00,0.33476233,0
2013-12-26 18:00:00,0.31082377,0
2013-12-26 19:00:00,0.29129997,0
2013-12-26 20:00:00,0.27805477,0
2013-12-26 21:00:00,0.26456958,0
2013-12-26 22:00:00,0.25491148,0
2013-12-26 23:00:00,0.25140023,0
2013-12-27 00:00:00,0.24997585,0
2013-12-27 01:00:00,0.2546292,0
2013-12-27 02:00:00,0.2637832,0
2013-12-27 03:00:00,0.26185772,0
2013-12-27 04:00:00,0.25554883,0
2013-12-27 05:00:00,0.24226043,0
2013-12-27 06:00:00,0.2293308,0
2013-12-27 07:00:00,0.21435502,0
2013-12-27 08:00:00,0.2018162,0
2013-12-27 09:00:00,0.19456342,0
2013-12-27 10:00:00,0.1843448,0
2013-12-27 11:00:00,0.18084557,0
2013-12-27 12:00:00,0.18290052,0
2013-12-27 13:00:00,0.19325031,0
2013-12-27 14:00:00,0.20802072,0
2013-12-27 15:00:00,0.21885274,0
2013-12-27 16:00:00,0.2193098,0
2013-12-27 17:00:00,0.20510581,0
2013-12-27 18:00:00,0.19195306,0
2013-12-27 19:00:00,0.18089996,0
2013-12-27 20:00:00,0.17205034,0
2013-12-27 21:00:00,0.16525228,0
2013-12-27 22:00:00,0.16433571,0
2013-12-27 23:00:00,0.16534252,0
2013-12-28 00:00:00,0.16930325,0
2013-12-28 01:00:00,0.1779254,0
2013-12-28 02:00:00,0.18862967,0
2013-12-28 03:00:00,0.1892547,0
2013-12-28 04:00:00,0.18249007,0
2013-12-28 05:00:00,0.17259987,0
2013-12-28 06:00:00,0.16126502,0
2013-12-28 07:00:00,0.15427259,0
2013-12-28 08:00:00,0.14212807,0
2013-12-28 09:00:00,0.13700771,0
2013-12-28 10:00:00,0.1317507,0
2013-12-28 11:00:00,0.13250703,0
2013-12-28 12:00:00,0.13998304,0
2013-12-28 13:00:00,0.14958373,0
2013-12-28 14:00:00,0.16290161,0
2013-12-28 15:00:00,0.17380354,0
2013-12-28 16:00:00,0.17464583,0
2013-12-28 17:00:00,0.16252153,0
2013-12-28 18:00:00,0.15386006,0
2013-12-28 19:00:00,0.14563604,0
2013-12-28 20:00:00,0.13780154,0
2013-12-28 21:00:00,0.13257807,0
2013-12-28 22:00:00,0.13137567,0
2013-12-28 23:00:00,0.13477348,0
2013-12-29 00:00:00,0.14135611,0
2013-12-29 01:00:00,0.15283988,0
2013-12-29 02:00:00,0.16647269,0
2013-12-29 03:00:00,0.16899797,0
2013-12-29 04:00:00,0.16304225,0
2013-12-29 05:00:00,0.15521431,0
2013-12-29 06:00:00,0.14489461,0
2013-12-29 07:00:00,0.1376442,0
2013-12-29 08:00:00,0.12831627,0
2013-12-29 09:00:00,0.12437684,0
2013-12-29 10:00:00,0.12188807,0
2013-12-29 11:00:00,0.12411529,0
2013-12-29 12:00:00,0.13342544,0
2013-12-29 13:00:00,0.1473386,0
2013-12-29 14:00:00,0.16228172,0
2013-12-29 15:00:00,0.17253034,0
2013-12-29 16:00:00,0.17372656,0
2013-12-29 17:00:00,0.16329579,0
2013-12-29 18:00:00,0.15635048,0
2013-12-29 19:00:00,0.15051305,0
2013-12-29 20:00:00,0.14529885,0
2013-12-29 21:00:00,0.14040983,0
2013-12-29 22:00:00,0.1396529,0
2013-12-29 23:00:00,0.14308155,0
2013-12-30 00:00:00,0.15152861,0
2013-12-30 01:00:00,0.16608924,0
2013-12-30 02:00:00,0.18143126,0
2013-12-30 03:00:00,0.18437243,0
2013-12-30 04:00:00,0.18160208,0
2013-12-30 05:00:00,0.17402336,0
2013-12-30 06:00:00,0.16562898,0
2013-12-30 07:00:00,0.1591484,0
2013-12-30 08:00:00,0.14886914,0
2013-12-30 09:00:00,0.14487557,0
2013-12-30 10:00:00,0.1403372,0
2013-12-30 11:00:00,0.14002019,0
2013-12-30 12:00:00,0.14474899,0
2013-12-30 13:00:00,0.15443277,0
2013-12-30 14:00:00,0.17115209,0
2013-12-30 15:00:00,0.18511093,0
2013-12-30 16:00:00,0.1907738,0
2013-12-30 17:00:00,0.18123578,0
2013-12-30 18:00:00,0.16852236,0
2013-12-30 19:00:00,0.1605405,0
2013-12-30 20:00:00,0.15554965,0
2013-12-30 21:00:00,0.14934076,0
2013-12-30 22:00:00,0.14805062,0
2013-12-30 23:00:00,0.15065439,0
2013-12-31 00:00:00,0.15448256,0
2013-12-31 01:00:00,0.16963148,0
2013-12-31 02:00:00,0.19174635,0
2013-12-31 03:00:00,0.2013222,0
2013-12-31 04:00:00,0.20630433,0
2013-12-31 05:00:00,0.2088326,0
2013-12-31 06:00:00,0.20117828,0
2013-12-31 07:00:00,0.19870336,0
2013-12-31 08:00:00,0.19373937,0
2013-12-31 09:00:00,0.19210403,0
2013-12-31 10:00:00,0.1923428,0
2013-12-31 11:00:00,0.19505544,0
2013-12-31 12:00:00,0.20641588,0
2013-12-31 13:00:00,0.22335473,0
2013-12-31 14:00:00,0.24241626,0
2013-12-31 15:00:00,0.26087862,0
2013-12-31 16:00:00,0.27165398,0
2013-12-31 17:00:00,0.26506954,0
2013-12-31 18:00:00,0.25514838,0
2013-12-31 19:00:00,0.24555461,0
2013-12-31 20:00:00,0.24242142,0
2013-12-31 21:00:00,0.2434128,0
2013-12-31 22:00:00,0.24493878,0
2013-12-31 23:00:00,0.25115,0
2014-01-01 00:00:00,0.25891826,0
2014-01-01 01:00:00,0.27170086,0
2014-01-01 02:00:00,0.2814583,0
2014-01-01 03:00:00,0.28558666,0
2014-01-01 04:00:00,0.27875724,0
2014-01-01 05:00:00,0.2723525,0
2014-01-01 06:00:00,0.26053032,0
2014-01-01 07:00:00,0.2511249,0
2014-01-01 08:00:00,0.23793207,0
2014-01-01 09:00:00,0.23187283,0
2014-01-01 10:00:00,0.22648734,0
2014-01-01 11:00:00,0.2277265,0
2014-01-01 12:00:00,0.2327488,0
2014-01-01 13:00:00,0.24331947,0
2014-01-01 14:00:00,0.25950998,0
2014-01-01 15:00:00,0.27708763,0
2014-01-01 16:00:00,0.27998656,0
2014-01-01 17:00:00,0.269531,0
2014-01-01 18:00:00,0.26099572,0
2014-01-01 19:00:00,0.25269276,0
2014-01-01 20:00:00,0.24551065,0
2014-01-01 21:00:00,0.23801695,0
2014-01-01 22:00:00,0.23864242,0
2014-01-01 23:00:00,0.24145703,0
2014-01-02 00:00:00,0.24772418,0
2014-01-02 01:00:00,0.2601243,0
2014-01-02 02:00:00,0.27465576,0
2014-01-02 03:00:00,0.2775722,0
2014-01-02 04:00:00,0.27232447,0
2014-01-02 05:00:00,0.25779682,0
2014-01-02 06:00:00,0.24620564,0
2014-01-02 07:00:00,0.24036066,0
2014-01-02 08:00:00,0.22999464,0
2014-01-02 09:00:00,0.2270103,0
2014-01-02 10:00:00,0.21976979,0
2014-01-02 11:00:00,0.21890251,0
2014-01-02 12:00:00,0.22495045,0
2014-01-02 13:00:00,0.23595247,0
2014-01-02 14:00:00,0.25250992,0
2014-01-02 15:00:00,0.2653643,0
2014-01-02 16:00:00,0.2674337,0
2014-01-02 17:00:00,0.24940754,0
2014-01-02 18:00:00,0.2329491,0
2014-01-02 19:00:00,0.2157301,0
2014-01-02 20:00:00,0.20502438,0
2014-01-02 21:00:00,0.1959177,0
2014-01-02 22:00:00,0.19230707,0
2014-01-02 23:00:00,0.19040793,0
2014-01-03 00:00:00,0.19259042,0
2014-01-03 01:00:00,0.1964762,0
2014-01-03 02:00:00,0.20430118,0
2014-01-03 03:00:00,0.20076792,0
2014-01-03 04:00:00,0.19602744,0
2014-01-03 05:00:00,0.1857231,0
2014-01-03 06:00:00,0.17801397,0
2014-01-03 07:00:00,0.17047909,0
2014-01-03 08:00:00,0.16199324,0
2014-01-03 09:00:00,0.16194902,0
2014-01-03 10:00:00,0.16179816,0
2014-01-03 11:00:00,0.16552077,0
2014-01-03 12:00:00,0.1759318,0
2014-01-03 13:00:00,0.19100294,0
2014-01-03 14:00:00,0.21064985,0
2014-01-03 15:00:00,0.22881201,0
2014-01-03 16:00:00,0.23766154,0
2014-01-03 17:00:00,0.22832298,0
2014-01-03 18:00:00,0.21921669,0
2014-01-03 19:00:00,0.21190158,0
2014-01-03 20:00:00,0.20418103,0
2014-01-03 21:00:00,0.19542234,0
2014-01-03 22:00:00,0.18857539,0
2014-01-03 23:00:00,0.1814565,0
2014-01-04 00:00:00,0.17985299,0
2014-01-04 01:00:00,0.18702993,0
2014-01-04 02:00:00,0.19967313,0
2014-01-04 03:00:00,0.20355737,0
2014-01-04 04:00:00,0.19495218,0
2014-01-04 05:00:00,0.1786457,0
2014-01-04 06:00:00,0.1643932,0
2014-01-04 07:00:00,0.15665601,0
2014-01-04 08:00:00,0.14960755,0
2014-01-04 09:00:00,0.14732742,0
2014-01-04 10:00:00,0.14697447,0
2014-01-04 11:00:00,0.15208371,0
2014-01-04 12:00:00,0.16359165,0
2014-01-04 13:00:00,0.18112081,0
2014-01-04 14:00:00,0.20053464,0
2014-01-04 15:00:00,0.21057835,0
2014-01-04 16:00:00,0.2069009,0
2014-01-04 17:00:00,0.20714529,0
2014-01-04 18:00:00,0.20650096,0
2014-01-04 19:00:00,0.19454397,0
2014-01-04 20:00:00,0.18763192,0
2014-01-04 21:00:00,0.17521484,0
2014-01-04 22:00:00,0.1696058,0
2014-01-04 23:00:00,0.16191535,0
2014-01-05 00:00:00,0.16096723,0
2014-01-05 01:00:00,0.16930336,0
2014-01-05 02:00:00,0.18417324,0
2014-01-05 03:00:00,0.19688395,0
2014-01-05 04:00:00,0.19302303,0
2014-01-05 05:00:00,0.17729129,0
2014-01-05 06:00:00,0.16431637,0
2014-01-05 07:00:00,0.1549142,0
2014-01-05 08:00:00,0.1458156,0
2014-01-05 09:00:00,0.14190331,0
2014-01-05 10:00:00,0.13872051,0
2014-01-05 11:00:00,0.13901854,0
2014-01-05 12:00:00,0.14524329,0
2014-01-05 13:00:00,0.15684153,0
2014-01-05 14:00:00,0.17144775,0
2014-01-05 15:00:00,0.17567183,0
2014-01-05 16:00:00,0.16749842,0
2014-01-05 17:00:00,0.16135687,0
2014-01-05 18:00:00,0.1539749,0
2014-01-05 19:00:00,0.14504199,0
2014-01-05 20:00:00,0.13759133,0
2014-01-05 21:00:00,0.13007648,0
2014-01-05 22:00:00,0.12723511,0
2014-01-05 23:00:00,0.12882732,0
2014-01-06 00:00:00,0.13530068,0
2014-01-06 01:00:00,0.14840801,0
2014-01-06 02:00:00,0.16439283,0
2014-01-06 03:00:00,0.16691656,0
2014-01-06 04:00:00,0.16256076,0
2014-01-06 05:00:00,0.15324123,0
2014-01-06 06:00:00,0.14315955,0
2014-01-06 07:00:00,0.13536306,0
2014-01-06 08:00:00,0.12427371,0
2014-01-06 09:00:00,0.12015009,0
2014-01-06 10:00:00,0.11567372,0
2014-01-06 11:00:00,0.116859615,0
2014-01-06 12:00:00,0.12524618,0
2014-01-06 13:00:00,0.13659899,0
2014-01-06 14:00:00,0.15183844,0
2014-01-06 15:00:00,0.16543272,0
2014-01-06 16:00:00,0.16822675,0
2014-01-06 17:00:00,0.15316212,0
2014-01-06 18:00:00,0.1445827,0
2014-01-06 19:00:00,0.13636723,0
2014-01-06 20:00:00,0.12960443,0
2014-01-06 21:00:00,0.12488145,0
2014-01-06 22:00:00,0.124243,0
2014-01-06 23:00:00,0.12643611,0
2014-01-07 00:00:00,0.1326217,0
2014-01-07 01:00:00,0.1427617,0
2014-01-07 02:00:00,0.1576797,0
2014-01-07 03:00:00,0.15958855,0
2014-01-07 04:00:00,0.15564989,0
2014-01-07 05:00:00,0.14891267,0
2014-01-07 06:00:00,0.1391703,0
2014-01-07 07:00:00,0.13223481,0
2014-01-07 08:00:00,0.121324904,0
2014-01-07 09:00:00,0.11820458,0
2014-01-07 10:00:00,0.11526903,0
2014-01-07 11:00:00,0.117654495,0
2014-01-07 12:00:00,0.12644167,0
2014-01-07 13:00:00,0.13880022,0
2014-01-07 14:00:00,0.15396361,0
2014-01-07 15:00:00,0.16664596,0
2014-01-07 16:00:00,0.17206284,0
2014-01-07 17:00:00,0.15962493,0
2014-01-07 18:00:00,0.1522871,0
2014-01-07 19:00:00,0.14646223,0
2014-01-07 20:00:00,0.14361675,0
2014-01-07 21:00:00,0.13921258,0
2014-01-07 22:00:00,0.14142105,0
2014-01-07 23:00:00,0.14627405,0
2014-01-08 00:00:00,0.15528452,0
2014-01-08 01:00:00,0.16861251,0
2014-01-08 02:00:00,0.1837752,0
2014-01-08 03:00:00,0.18463251,0
2014-01-08 04:00:00,0.17986105,0
2014-01-08 05:00:00,0.17095722,0
2014-01-08 06:00:00,0.16191196,0
2014-01-08 07:00:00,0.15380557,0
2014-01-08 08:00:00,0.14257112,0
2014-01-08 09:00:00,0.1378854,0
2014-01-08 10:00:00,0.13367623,0
2014-01-08 11:00:00,0.13453318,0
2014-01-08 12:00:00,0.14067066,0
2014-01-08 13:00:00,0.15123236,0
2014-01-08 14:00:00,0.16654977,0
2014-01-08 15:00:00,0.177722,0
2014-01-08 16:00:00,0.17616919,0
2014-01-08 17:00:00,0.16073163,0
2014-01-08 18:00:00,0.15311718,0
2014-01-08 19:00:00,0.14509718,0
2014-01-08 20:00:00,0.1376885,0
2014-01-08 21:00:00,0.13222782,0
2014-01-08 22:00:00,0.13033213,0
2014-01-08 23:00:00,0.13156958,0
2014-01-09 00:00:00,0.13637364,0
2014-01-09 01:00:00,0.14673369,0
2014-01-09 02:00:00,0.1621864,0
2014-01-09 03:00:00,0.16522387,0
2014-01-09 04:00:00,0.16257206,0
2014-01-09 05:00:00,0.15720063,0
2014-01-09 06:00:00,0.15072541,0
2014-01-09 07:00:00,0.14470127,0
2014-01-09 08:00:00,0.13401854,0
2014-01-09 09:00:00,0.13058312,0
2014-01-09 10:00:00,0.12690803,0
2014-01-09 11:00:00,0.13095708,0
2014-01-09 12:00:00,0.14440909,0
2014-01-09 13:00:00,0.1606011,0
2014-01-09 14:00:00,0.1785694,0
2014-01-09 15:00:00,0.19035389,0
2014-01-09 16:00:00,0.19080484,0
2014-01-09 17:00:00,0.17916968,0
2014-01-09 18:00:00,0.17157675,0
2014-01-09 19:00:00,0.16172273,0
2014-01-09 20:00:00,0.15303747,0
2014-01-09 21:00:00,0.14506696,0
2014-01-09 22:00:00,0.14552325,0
2014-01-09 23:00:00,0.14852077,0
2014-01-10 00:00:00,0.15667868,0
2014-01-10 01:00:00,0.16966535,0
2014-01-10 02:00:00,0.18549797,0
2014-01-10 03:00:00,0.18843167,0
2014-01-10 04:00:00,0.18527889,0
2014-01-10 05:00:00,0.17188808,0
2014-01-10 06:00:00,0.15636323,0
2014-01-10 07:00:00,0.14832398,0
2014-01-10 08:00:00,0.1385531,0
2014-01-10 09:00:00,0.13621078,0
2014-01-10 10:00:00,0.13363917,0
2014-01-10 11:00:00,0.13487558,0
2014-01-10 12:00:00,0.14269459,0
2014-01-10 13:00:00,0.15573801,0
2014-01-10 14:00:00,0.17246795,0
2014-01-10 15:00:00,0.18418105,0
2014-01-10 16:00:00,0.17659748,0
2014-01-10 17:00:00,0.1701856,0
2014-01-10 18:00:00,0.1640294,0
2014-01-10 19:00:00,0.15396574,0
2014-01-10 20:00:00,0.14951012,0
2014-01-10 21:00:00,0.13981088,0
2014-01-10 22:00:00,0.13667926,0
2014-01-10 23:00:00,0.13421017,0
2014-01-11 00:00:00,0.13662429,0
2014-01-11 01:00:00,0.15044935,0
2014-01-11 02:00:00,0.16852145,0
2014-01-11 03:00:00,0.17403845,0
2014-01-11 04:00:00,0.16856392,0
2014-01-11 05:00:00,0.15763488,0
2014-01-11 06:00:00,0.14702003,0
2014-01-11 07:00:00,0.14030604,0
2014-01-11 08:00:00,0.12949142,0
2014-01-11 09:00:00,0.12594569,0
2014-01-11 10:00:00,0.12192329,0
2014-01-11 11:00:00,0.12338616,0
2014-01-11 12:00:00,0.13144115,0
2014-01-11 13:00:00,0.14559805,0
2014-01-11 14:00:00,0.16333337,0
2014-01-11 15:00:00,0.17590997,0
2014-01-11 16:00:00,0.17021081,0
2014-01-11 17:00:00,0.16165873,0
2014-01-11 18:00:00,0.15546906,0
2014-01-11 19:00:00,0.14714985,0
2014-01-11 20:00:00,0.14312637,0
2014-01-11 21:00:00,0.14014848,0
2014-01-11 22:00:00,0.14612408,0
2014-01-11 23:00:00,0.15272945,0
2014-01-12 00:00:00,0.16587004,0
2014-01-12 01:00:00,0.1861418,0
2014-01-12 02:00:00,0.2103953,0
2014-01-12 03:00:00,0.22174631,0
2014-01-12 04:00:00,0.227051,0
2014-01-12 05:00:00,0.2177303,0
2014-01-12 06:00:00,0.21173096,0
2014-01-12 07:00:00,0.20970166,0
2014-01-12 08:00:00,0.20186415,0
2014-01-12 09:00:00,0.20095685,0
2014-01-12 10:00:00,0.19721171,0
2014-01-12 11:00:00,0.19566014,0
2014-01-12 12:00:00,0.19739328,0
2014-01-12 13:00:00,0.20383905,0
2014-01-12 14:00:00,0.21705559,0
2014-01-12 15:00:00,0.23548912,0
2014-01-12 16:00:00,0.2549519,0
2014-01-12 17:00:00,0.25636134,0
2014-01-12 18:00:00,0.22230951,0
2014-01-12 19:00:00,0.2246482,0
2014-01-12 20:00:00,0.2337149,0
2014-01-12 21:00:00,0.25175476,0
2014-01-12 22:00:00,0.2775809,0
2014-01-12 23:00:00,0.30667433,0
2014-01-13 00:00:00,0.34435722,0
2014-01-13 01:00:00,0.3867558,0
2014-01-13 02:00:00,0.43213186,0
2014-01-13 03:00:00,0.45976797,0
2014-01-13 04:00:00,0.4712709,0
2014-01-13 05:00:00,0.48644292,0
2014-01-13 06:00:00,0.48826617,0
2014-01-13 07:00:00,0.50217706,0
2014-01-13 08:00:00,0.50400496,0
2014-01-13 09:00:00,0.5142413,0
2014-01-13 10:00:00,0.52243316,0
2014-01-13 11:00:00,0.53563046,0
2014-01-13 12:00:00,0.5499824,0
2014-01-13 13:00:00,0.56827086,0
2014-01-13 14:00:00,0.5887928,0
2014-01-13 15:00:00,0.6014356,0
2014-01-13 16:00:00,0.60568255,0
2014-01-13 17:00:00,0.61078316,0
2014-01-13 18:00:00,0.60761905,0
2014-01-13 19:00:00,0.5993131,0
2014-01-13 20:00:00,0.59096724,0
2014-01-13 21:00:00,0.57376844,0
2014-01-13 22:00:00,0.5522284,0
2014-01-13 23:00:00,0.53008217,0
2014-01-14 00:00:00,0.5140088,0
2014-01-14 01:00:00,0.5116172,0
2014-01-14 02:00:00,0.50950766,0
2014-01-14 03:00:00,0.50103825,0
2014-01-14 04:00:00,0.4875712,0
2014-01-14 05:00:00,0.4685838,0
2014-01-14 06:00:00,0.4498013,0
2014-01-14 07:00:00,0.43076333,0
2014-01-14 08:00:00,0.40823537,0
2014-01-14 09:00:00,0.3881573,0
2014-01-14 10:00:00,0.36678204,0
2014-01-14 11:00:00,0.35280076,0
2014-01-14 12:00:00,0.3495334,0
2014-01-14 13:00:00,0.35111082,0
2014-01-14 14:00:00,0.3605998,0
2014-01-14 15:00:00,0.36723977,0
2014-01-14 16:00:00,0.36135873,0
2014-01-14 17:00:00,0.33348057,0
2014-01-14 18:00:00,0.3129043,0
2014-01-14 19:00:00,0.2917516,0
2014-01-14 20:00:00,0.27733237,0
2014-01-14 21:00:00,0.26452237,0
2014-01-14 22:00:00,0.25914207,0
2014-01-14 23:00:00,0.25573274,0
2014-01-15 00:00:00,0.2572892,0
2014-01-15 01:00:00,0.2615998,0
2014-01-15 02:00:00,0.27084398,0
2014-01-15 03:00:00,0.2699696,0
2014-01-15 04:00:00,0.26327196,0
2014-01-15 05:00:00,0.24643461,0
2014-01-15 06:00:00,0.22806671,0
2014-01-15 07:00:00,0.21299306,0
2014-01-15 08:00:00,0.20095012,0
2014-01-15 09:00:00,0.19751212,0
2014-01-15 10:00:00,0.19419058,0
2014-01-15 11:00:00,0.19645739,0
2014-01-15 12:00:00,0.20243579,0
2014-01-15 13:00:00,0.21194676,0
2014-01-15 14:00:00,0.22427416,0
2014-01-15 15:00:00,0.23440179,0
2014-01-15 16:00:00,0.23372199,0
2014-01-15 17:00:00,0.21887285,0
2014-01-15 18:00:00,0.20123637,0
2014-01-15 19:00:00,0.18853243,0
2014-01-15 20:00:00,0.17671144,0
2014-01-15 21:00:00,0.16495389,0
2014-01-15 22:00:00,0.15780318,0
2014-01-15 23:00:00,0.1528543,0
2014-01-16 00:00:00,0.15304388,0
2014-01-16 01:00:00,0.16120917,0
2014-01-16 02:00:00,0.17741863,0
2014-01-16 03:00:00,0.18587282,0
2014-01-16 04:00:00,0.18213663,0
2014-01-16 05:00:00,0.16939309,0
2014-01-16 06:00:00,0.15207492,0
2014-01-16 07:00:00,0.14397648,0
2014-01-16 08:00:00,0.13491638,0
2014-01-16 09:00:00,0.13256164,0
2014-01-16 10:00:00,0.12924582,0
2014-01-16 11:00:00,0.13176626,0
2014-01-16 12:00:00,0.1397713,0
2014-01-16 13:00:00,0.15272912,0
2014-01-16 14:00:00,0.16847065,0
2014-01-16 15:00:00,0.17926237,0
2014-01-16 16:00:00,0.17061278,0
2014-01-16 17:00:00,0.16397221,0
2014-01-16 18:00:00,0.15668532,0
2014-01-16 19:00:00,0.14501302,0
2014-01-16 20:00:00,0.13598251,0
2014-01-16 21:00:00,0.12668553,0
2014-01-16 22:00:00,0.1252151,0
2014-01-16 23:00:00,0.12600401,0
2014-01-17 00:00:00,0.13210686,0
2014-01-17 01:00:00,0.14343993,0
2014-01-17 02:00:00,0.16009039,0
2014-01-17 03:00:00,0.16507283,0
2014-01-17 04:00:00,0.16108577,0
2014-01-17 05:00:00,0.15011197,0
2014-01-17 06:00:00,0.13972631,0
2014-01-17 07:00:00,0.13306133,0
2014-01-17 08:00:00,0.12408213,0
2014-01-17 09:00:00,0.122389056,0
2014-01-17 10:00:00,0.12124189,0
2014-01-17 11:00:00,0.12572014,0
2014-01-17 12:00:00,0.13617884,0
2014-01-17 13:00:00,0.1507581,0
2014-01-17 14:00:00,0.16666934,0
2014-01-17 15:00:00,0.17829677,0
2014-01-17 16:00:00,0.17259409,0
2014-01-17 17:00:00,0.16379872,0
2014-01-17 18:00:00,0.15814577,0
2014-01-17 19:00:00,0.14845708,0
2014-01-17 20:00:00,0.14052819,0
2014-01-17 21:00:00,0.13123462,0
2014-01-17 22:00:00,0.12830578,0
2014-01-17 23:00:00,0.12612781,0
2014-01-18 00:00:00,0.13051102,0
2014-01-18 01:00:00,0.14225216,0
2014-01-18 02:00:00,0.15946801,0
2014-01-18 03:00:00,0.16593856,0
2014-01-18 04:00:00,0.15863128,0
2014-01-18 05:00:00,0.14984347,0
2014-01-18 06:00:00,0.1420524,0
2014-01-18 07:00:00,0.13539645,0
2014-01-18 08:00:00,0.1241094,0
2014-01-18 09:00:00,0.1218563,0
2014-01-18 10:00:00,0.117829405,0
2014-01-18 11:00:00,0.11855184,0
2014-01-18 12:00:00,0.12613925,0
2014-01-18 13:00:00,0.13789126,0
2014-01-18 14:00:00,0.15334389,0
2014-01-18 15:00:00,0.1634529,0
2014-01-18 16:00:00,0.16049616,0
2014-01-18 17:00:00,0.15268746,0
2014-01-18 18:00:00,0.14572513,0
2014-01-18 19:00:00,0.13704672,0
2014-01-18 20:00:00,0.12895796,0
2014-01-18 21:00:00,0.12205458,0
2014-01-18 22:00:00,0.12235345,0
2014-01-18 23:00:00,0.12786788,0
2014-01-19 00:00:00,0.13713425,0
2014-01-19 01:00:00,0.15103437,0
2014-01-19 02:00:00,0.16794488,0
2014-01-19 03:00:00,0.1731731,0
2014-01-19 04:00:00,0.17192425,0
2014-01-19 05:00:00,0.16557616,0
2014-01-19 06:00:00,0.15754987,0
2014-01-19 07:00:00,0.15063915,0
2014-01-19 08:00:00,0.13953602,0
2014-01-19 09:00:00,0.13536292,0
2014-01-19 10:00:00,0.13089749,0
2014-01-19 11:00:00,0.13202961,0
2014-01-19 12:00:00,0.14185388,0
2014-01-19 13:00:00,0.15573342,0
2014-01-19 14:00:00,0.17202143,0
2014-01-19 15:00:00,0.1826257,0
2014-01-19 16:00:00,0.17785247,0
2014-01-19 17:00:00,0.17370778,0
2014-01-19 18:00:00,0.16784978,0
2014-01-19 19:00:00,0.16005215,0
2014-01-19 20:00:00,0.15402047,0
2014-01-19 21:00:00,0.14732504,0
2014-01-19 22:00:00,0.14476545,0
2014-01-19 23:00:00,0.14298594,0
2014-01-20 00:00:00,0.14878614,0
2014-01-20 01:00:00,0.16410984,0
2014-01-20 02:00:00,0.1842993,0
2014-01-20 03:00:00,0.19151545,0
2014-01-20 04:00:00,0.18579796,0
2014-01-20 05:00:00,0.1763668,0
2014-01-20 06:00:00,0.16737923,0
2014-01-20 07:00:00,0.16148932,0
2014-01-20 08:00:00,0.15193084,0
2014-01-20 09:00:00,0.14897978,0
2014-01-20 10:00:00,0.1450511,0
2014-01-20 11:00:00,0.14389203,0
2014-01-20 12:00:00,0.14774582,0
2014-01-20 13:00:00,0.15662682,0
2014-01-20 14:00:00,0.16917354,0
2014-01-20 15:00:00,0.17490527,0
2014-01-20 16:00:00,0.16244514,0
2014-01-20 17:00:00,0.1608842,0
2014-01-20 18:00:00,0.1547621,0
2014-01-20 19:00:00,0.14635083,0
2014-01-20 20:00:00,0.14139073,0
2014-01-20 21:00:00,0.13509586,0
2014-01-20 22:00:00,0.13607286,0
2014-01-20 23:00:00,0.13819797,0
2014-01-21 00:00:00,0.14626177,0
2014-01-21 01:00:00,0.15886876,0
2014-01-21 02:00:00,0.17377913,0
2014-01-21 03:00:00,0.1756564,0
2014-01-21 04:00:00,0.17161568,0
2014-01-21 05:00:00,0.16297513,0
2014-01-21 06:00:00,0.15263653,0
2014-01-21 07:00:00,0.1438097,0
2014-01-21 08:00:00,0.13177727,0
2014-01-21 09:00:00,0.1265671,0
2014-01-21 10:00:00,0.12162948,0
2014-01-21 11:00:00,0.12257136,0
2014-01-21 12:00:00,0.13144305,0
2014-01-21 13:00:00,0.14414255,0
2014-01-21 14:00:00,0.15975945,0
2014-01-21 15:00:00,0.17138737,0
2014-01-21 16:00:00,0.16917898,0
2014-01-21 17:00:00,0.1568363,0
2014-01-21 18:00:00,0.1504127,0
2014-01-21 19:00:00,0.14199884,0
2014-01-21 20:00:00,0.13433287,0
2014-01-21 21:00:00,0.12490193,0
2014-01-21 22:00:00,0.12198554,0
2014-01-21 23:00:00,0.122785866,0
2014-01-22 00:00:00,0.12925361,0
2014-01-22 01:00:00,0.14140794,0
2014-01-22 02:00:00,0.15904392,0
2014-01-22 03:00:00,0.16442986,0
2014-01-22 04:00:00,0.16120479,0
2014-01-22 05:00:00,0.15228792,0
2014-01-22 06:00:00,0.14399827,0
2014-01-22 07:00:00,0.14098737,0
2014-01-22 08:00:00,0.13714078,0
2014-01-22 09:00:00,0.13880762,0
2014-01-22 10:00:00,0.13846944,0
2014-01-22 11:00:00,0.14293893,0
2014-01-22 12:00:00,0.15409161,0
2014-01-22 13:00:00,0.1702648,0
2014-01-22 14:00:00,0.18894856,0
2014-01-22 15:00:00,0.20124447,0
2014-01-22 16:00:00,0.1969653,0
2014-01-22 17:00:00,0.19069827,0
2014-01-22 18:00:00,0.18565083,0
2014-01-22 19:00:00,0.17411686,0
2014-01-22 20:00:00,0.16814646,0
2014-01-22 21:00:00,0.15846737,0
2014-01-22 22:00:00,0.15692686,0
2014-01-22 23:00:00,0.15262315,0
2014-01-23 00:00:00,0.15373963,0
2014-01-23 01:00:00,0.16201968,0
2014-01-23 02:00:00,0.1776293,0
2014-01-23 03:00:00,0.18603636,0
2014-01-23 04:00:00,0.18112922,0
2014-01-23 05:00:00,0.16503605,0
2014-01-23 06:00:00,0.15220997,0
2014-01-23 07:00:00,0.14285176,0
2014-01-23 08:00:00,0.1329438,0
2014-01-23 09:00:00,0.1309951,0
2014-01-23 10:00:00,0.12965563,0
2014-01-23 11:00:00,0.13290167,0
2014-01-23 12:00:00,0.14278129,0
2014-01-23 13:00:00,0.15861529,0
2014-01-23 14:00:00,0.17792463,0
2014-01-23 15:00:00,0.19200927,0
2014-01-23 16:00:00,0.18274917,0
2014-01-23 17:00:00,0.17964752,0
2014-01-23 18:00:00,0.17385054,0
2014-01-23 19:00:00,0.17081416,0
2014-01-23 20:00:00,0.16170134,0
2014-01-23 21:00:00,0.15204541,0
2014-01-23 22:00:00,0.14631146,0
2014-01-23 23:00:00,0.14109924,0
2014-01-24 00:00:00,0.1443678,0
2014-01-24 01:00:00,0.15561545,0
2014-01-24 02:00:00,0.17365797,0
2014-01-24 03:00:00,0.18365045,0
2014-01-24 04:00:00,0.17690304,0
2014-01-24 05:00:00,0.166108,0
2014-01-24 06:00:00,0.15707906,0
2014-01-24 07:00:00,0.14940344,0
2014-01-24 08:00:00,0.13810308,0
2014-01-24 09:00:00,0.13319409,0
2014-01-24 10:00:00,0.12842391,0
2014-01-24 11:00:00,0.1289872,0
2014-01-24 12:00:00,0.13660885,0
2014-01-24 13:00:00,0.14991808,0
2014-01-24 14:00:00,0.16629389,0
2014-01-24 15:00:00,0.17603482,0
2014-01-24 16:00:00,0.16662715,0
2014-01-24 17:00:00,0.16183774,0
2014-01-24 18:00:00,0.15479413,0
2014-01-24 19:00:00,0.14479212,0
2014-01-24 20:00:00,0.13684079,0
2014-01-24 21:00:00,0.12693842,0
2014-01-24 22:00:00,0.1231605,0
2014-01-24 23:00:00,0.123568356,0
2014-01-25 00:00:00,0.12962864,0
2014-01-25 01:00:00,0.14297815,0
2014-01-25 02:00:00,0.16295701,0
2014-01-25 03:00:00,0.16741501,0
2014-01-25 04:00:00,0.16540012,0
2014-01-25 05:00:00,0.15658231,0
2014-01-25 06:00:00,0.14836699,0
2014-01-25 07:00:00,0.14519049,0
2014-01-25 08:00:00,0.13644986,0
2014-01-25 09:00:00,0.1359455,0
2014-01-25 10:00:00,0.13568419,0
2014-01-25 11:00:00,0.14065793,0
2014-01-25 12:00:00,0.15430692,0
2014-01-25 13:00:00,0.17405719,0
2014-01-25 14:00:00,0.19907674,0
2014-01-25 15:00:00,0.2211008,0
2014-01-25 16:00:00,0.2272713,0
2014-01-25 17:00:00,0.22400938,0
2014-01-25 18:00:00,0.22098891,0
2014-01-25 19:00:00,0.20917593,0
2014-01-25 20:00:00,0.19743715,0
2014-01-25 21:00:00,0.17850716,0
2014-01-25 22:00:00,0.16719511,0
2014-01-25 23:00:00,0.15802781,0
2014-01-26 00:00:00,0.15885717,0
2014-01-26 01:00:00,0.168238,0
2014-01-26 02:00:00,0.1842962,0
2014-01-26 03:00:00,0.18460692,0
2014-01-26 04:00:00,0.1832087,0
2014-01-26 05:00:00,0.17956755,0
2014-01-26 06:00:00,0.17204659,0
2014-01-26 07:00:00,0.1690353,0
2014-01-26 08:00:00,0.15757124,0
2014-01-26 09:00:00,0.1528108,0
2014-01-26 10:00:00,0.14664146,0
2014-01-26 11:00:00,0.14461541,0
2014-01-26 12:00:00,0.14752978,0
2014-01-26 13:00:00,0.15630987,0
2014-01-26 14:00:00,0.1695812,0
2014-01-26 15:00:00,0.18316787,0
2014-01-26 16:00:00,0.19175223,0
2014-01-26 17:00:00,0.18755895,0
2014-01-26 18:00:00,0.1738219,0
2014-01-26 19:00:00,0.15897115,0
2014-01-26 20:00:00,0.14864223,0
2014-01-26 21:00:00,0.14200203,0
2014-01-26 22:00:00,0.1380479,0
2014-01-26 23:00:00,0.139399,0
2014-01-27 00:00:00,0.14476503,0
2014-01-27 01:00:00,0.15854666,0
2014-01-27 02:00:00,0.1703631,0
2014-01-27 03:00:00,0.17799512,0
2014-01-27 04:00:00,0.17946322,0
2014-01-27 05:00:00,0.17821446,0
2014-01-27 06:00:00,0.16780198,0
2014-01-27 07:00:00,0.16520748,0
2014-01-27 08:00:00,0.15591826,0
2014-01-27 09:00:00,0.15302888,0
2014-01-27 10:00:00,0.14977269,0
2014-01-27 11:00:00,0.14988816,0
2014-01-27 12:00:00,0.15682851,0
2014-01-27 13:00:00,0.16502167,0
2014-01-27 14:00:00,0.17773034,0
2014-01-27 15:00:00,0.17568171,0
2014-01-27 16:00:00,0.17123157,0
2014-01-27 17:00:00,0.15494381,0
2014-01-27 18:00:00,0.1447068,0
2014-01-27 19:00:00,0.13490939,0
2014-01-27 20:00:00,0.12779133,0
2014-01-27 21:00:00,0.121952,0
2014-01-27 22:00:00,0.12193467,0
2014-01-27 23:00:00,0.12562634,0
2014-01-28 00:00:00,0.13463001,0
2014-01-28 01:00:00,0.14893886,0
2014-01-28 02:00:00,0.16733417,0
2014-01-28 03:00:00,0.17369626,0
2014-01-28 04:00:00,0.17006347,0
2014-01-28 05:00:00,0.16377224,0
2014-01-28 06:00:00,0.15559985,0
2014-01-28 07:00:00,0.14581163,0
2014-01-28 08:00:00,0.13849723,0
2014-01-28 09:00:00,0.13465174,0
2014-01-28 10:00:00,0.13178845,0
2014-01-28 11:00:00,0.13298537,0
2014-01-28 12:00:00,0.14139812,0
2014-01-28 13:00:00,0.15519796,0
2014-01-28 14:00:00,0.17368664,0
2014-01-28 15:00:00,0.19164415,0
2014-01-28 16:00:00,0.19656329,0
2014-01-28 17:00:00,0.17947201,0
2014-01-28 18:00:00,0.17030732,0
2014-01-28 19:00:00,0.15993063,0
2014-01-28 20:00:00,0.1505573,0
2014-01-28 21:00:00,0.13974763,0
2014-01-28 22:00:00,0.13388231,0
2014-01-28 23:00:00,0.13015512,0
2014-01-29 00:00:00,0.13322408,0
2014-01-29 01:00:00,0.14963073,0
2014-01-29 02:00:00,0.16918819,0
2014-01-29 03:00:00,0.17083424,0
2014-01-29 04:00:00,0.16861777,0
2014-01-29 05:00:00,0.16914117,0
2014-01-29 06:00:00,0.15652563,0
2014-01-29 07:00:00,0.15033586,0
2014-01-29 08:00:00,0.13900289,0
2014-01-29 09:00:00,0.13495874,0
2014-01-29 10:00:00,0.13226846,0
2014-01-29 11:00:00,0.13435225,0
2014-01-29 12:00:00,0.14167073,0
2014-01-29 13:00:00,0.15682307,0
2014-01-29 14:00:00,0.18111637,0
2014-01-29 15:00:00,0.20523605,0
2014-01-29 16:00:00,0.22159676,0
2014-01-29 17:00:00,0.21230966,0
2014-01-29 18:00:00,0.1993583,0
2014-01-29 19:00:00,0.19082487,0
2014-01-29 20:00:00,0.18361427,0
2014-01-29 21:00:00,0.17156705,0
2014-01-29 22:00:00,0.16472757,0
2014-01-29 23:00:00,0.15894525,0
2014-01-30 00:00:00,0.16295666,0
2014-01-30 01:00:00,0.17315112,0
2014-01-30 02:00:00,0.1890972,0
2014-01-30 03:00:00,0.18639474,0
2014-01-30 04:00:00,0.19134049,0
2014-01-30 05:00:00,0.1753597,0
2014-01-30 06:00:00,0.17164437,0
2014-01-30 07:00:00,0.16071883,0
2014-01-30 08:00:00,0.15356398,0
2014-01-30 09:00:00,0.14550763,0
2014-01-30 10:00:00,0.13893355,0
2014-01-30 11:00:00,0.13738166,0
2014-01-30 12:00:00,0.14513454,0
2014-01-30 13:00:00,0.16018075,0
2014-01-30 14:00:00,0.18082517,0
2014-01-30 15:00:00,0.19343081,0
2014-01-30 16:00:00,0.18018535,0
2014-01-30 17:00:00,0.17212403,0
2014-01-30 18:00:00,0.16963346,0
2014-01-30 19:00:00,0.16143131,0
2014-01-30 20:00:00,0.15682499,0
2014-01-30 21:00:00,0.15233457,0
2014-01-30 22:00:00,0.15475668,0
2014-01-30 23:00:00,0.16140519,0
2014-01-31 00:00:00,0.1708565,0
2014-01-31 01:00:00,0.18560658,0
2014-01-31 02:00:00,0.2128709,0
2014-01-31 03:00:00,0.22480462,0
2014-01-31 04:00:00,0.2268697,0
2014-01-31 05:00:00,0.2201381,0
2014-01-31 06:00:00,0.19973196,0
2014-01-31 07:00:00,0.18195039,0
2014-01-31 08:00:00,0.1686682,0
2014-01-31 09:00:00,0.15920506,0
2014-01-31 10:00:00,0.15372288,0
2014-01-31 11:00:00,0.15375908,0
2014-01-31 12:00:00,0.16079362,0
2014-01-31 13:00:00,0.17236692,0
2014-01-31 14:00:00,0.19037727,0
2014-01-31 15:00:00,0.20598824,0
2014-01-31 16:00:00,0.20052533,0
2014-01-31 17:00:00,0.18563798,0
2014-01-31 18:00:00,0.18048282,0
2014-01-31 19:00:00,0.17497678,0
2014-01-31 20:00:00,0.1711379,0
2014-01-31 21:00:00,0.16696307,0
2014-01-31 22:00:00,0.16846772,0
2014-01-31 23:00:00,0.16924681,0
2014-02-01 00:00:00,0.17644332,0
2014-02-01 01:00:00,0.18973295,0
2014-02-01 02:00:00,0.21158302,0
2014-02-01 03:00:00,0.22959873,0
2014-02-01 04:00:00,0.23093778,0
2014-02-01 05:00:00,0.20911244,0
2014-02-01 06:00:00,0.19504209,0
2014-02-01 07:00:00,0.18403144,0
2014-02-01 08:00:00,0.17307208,0
2014-02-01 09:00:00,0.16724652,0
2014-02-01 10:00:00,0.16234775,0
2014-02-01 11:00:00,0.16404212,0
2014-02-01 12:00:00,0.17288555,0
2014-02-01 13:00:00,0.18678202,0
2014-02-01 14:00:00,0.2079946,0
2014-02-01 15:00:00,0.2245259,0
2014-02-01 16:00:00,0.22277147,0
2014-02-01 17:00:00,0.22013429,0
2014-02-01 18:00:00,0.2152518,0
2014-02-01 19:00:00,0.20906179,0
2014-02-01 20:00:00,0.19812866,0
2014-02-01 21:00:00,0.18206051,0
2014-02-01 22:00:00,0.17308365,0
2014-02-01 23:00:00,0.1667109,0
2014-02-02 00:00:00,0.1677468,0
2014-02-02 01:00:00,0.17963693,0
2014-02-02 02:00:00,0.19950446,0
2014-02-02 03:00:00,0.19888055,0
2014-02-02 04:00:00,0.2003206,0
2014-02-02 05:00:00,0.19554311,0
2014-02-02 06:00:00,0.19306156,0
2014-02-02 07:00:00,0.1877405,0
2014-02-02 08:00:00,0.18297604,0
2014-02-02 09:00:00,0.17976084,0
2014-02-02 10:00:00,0.17420037,0
2014-02-02 11:00:00,0.17283015,0
2014-02-02 12:00:00,0.17644623,0
2014-02-02 13:00:00,0.18341286,0
2014-02-02 14:00:00,0.19464588,0
2014-02-02 15:00:00,0.20644787,0
2014-02-02 16:00:00,0.21491106,0
2014-02-02 17:00:00,0.20981172,0
2014-02-02 18:00:00,0.1906682,0
2014-02-02 19:00:00,0.1697748,0
2014-02-02 20:00:00,0.15331416,0
2014-02-02 21:00:00,0.14001943,0
2014-02-02 22:00:00,0.13627876,0
2014-02-02 23:00:00,0.13854706,0
2014-02-03 00:00:00,0.14542796,0
2014-02-03 01:00:00,0.15929954,0
2014-02-03 02:00:00,0.17618284,0
2014-02-03 03:00:00,0.18327986,0
2014-02-03 04:00:00,0.18669249,0
2014-02-03 05:00:00,0.18318555,0
2014-02-03 06:00:00,0.17378722,0
2014-02-03 07:00:00,0.16278285,0
2014-02-03 08:00:00,0.15489447,0
2014-02-03 09:00:00,0.14944966,0
2014-02-03 10:00:00,0.1438892,0
2014-02-03 11:00:00,0.14204852,0
2014-02-03 12:00:00,0.14811997,0
2014-02-03 13:00:00,0.16067651,0
2014-02-03 14:00:00,0.18076651,0
2014-02-03 15:00:00,0.19156703,0
2014-02-03 16:00:00,0.1768542,0
2014-02-03 17:00:00,0.17693189,0
2014-02-03 18:00:00,0.17386541,0
2014-02-03 19:00:00,0.16663796,0
2014-02-03 20:00:00,0.16399328,0
2014-02-03 21:00:00,0.16096838,0
2014-02-03 22:00:00,0.16741507,0
2014-02-03 23:00:00,0.17383389,0
2014-02-04 00:00:00,0.18749912,0
2014-02-04 01:00:00,0.20594883,0
2014-02-04 02:00:00,0.22941017,0
2014-02-04 03:00:00,0.25347155,0
2014-02-04 04:00:00,0.26090676,0
2014-02-04 05:00:00,0.2429122,0
2014-02-04 06:00:00,0.23113771,0
2014-02-04 07:00:00,0.2195481,0
2014-02-04 08:00:00,0.19844766,0
2014-02-04 09:00:00,0.18438165,0
2014-02-04 10:00:00,0.16949046,0
2014-02-04 11:00:00,0.16187117,0
2014-02-04 12:00:00,0.16423723,0
2014-02-04 13:00:00,0.17475721,0
2014-02-04 14:00:00,0.1918504,0
2014-02-04 15:00:00,0.20547776,0
2014-02-04 16:00:00,0.19492154,0
2014-02-04 17:00:00,0.19260615,0
2014-02-04 18:00:00,0.18721294,0
2014-02-04 19:00:00,0.18002962,0
2014-02-04 20:00:00,0.1748829,0
2014-02-04 21:00:00,0.16727869,0
2014-02-04 22:00:00,0.16141793,0
2014-02-04 23:00:00,0.15669544,0
2014-02-05 00:00:00,0.15780525,0
2014-02-05 01:00:00,0.16726677,0
2014-02-05 02:00:00,0.18565252,0
2014-02-05 03:00:00,0.1882027,0
2014-02-05 04:00:00,0.17700547,0
2014-02-05 05:00:00,0.16536275,0
2014-02-05 06:00:00,0.15432474,0
2014-02-05 07:00:00,0.14722092,0
2014-02-05 08:00:00,0.13414344,0
2014-02-05 09:00:00,0.13048202,0
2014-02-05 10:00:00,0.1253998,0
2014-02-05 11:00:00,0.12570009,0
2014-02-05 12:00:00,0.13270599,0
2014-02-05 13:00:00,0.14571302,0
2014-02-05 14:00:00,0.16485846,0
2014-02-05 15:00:00,0.18177222,0
2014-02-05 16:00:00,0.17208192,0
2014-02-05 17:00:00,0.16506937,0
2014-02-05 18:00:00,0.15854166,0
2014-02-05 19:00:00,0.1468691,0
2014-02-05 20:00:00,0.1371728,0
2014-02-05 21:00:00,0.1264282,0
2014-02-05 22:00:00,0.123352915,0
2014-02-05 23:00:00,0.12291338,0
2014-02-06 00:00:00,0.12868236,0
2014-02-06 01:00:00,0.14138801,0
2014-02-06 02:00:00,0.16233288,0
2014-02-06 03:00:00,0.16770016,0
2014-02-06 04:00:00,0.16107832,0
2014-02-06 05:00:00,0.15364398,0
2014-02-06 06:00:00,0.14646342,0
2014-02-06 07:00:00,0.13644005,0
2014-02-06 08:00:00,0.12788266,0
2014-02-06 09:00:00,0.12677939,0
2014-02-06 10:00:00,0.12516567,0
2014-02-06 11:00:00,0.1283117,0
2014-02-06 12:00:00,0.13672552,0
2014-02-06 13:00:00,0.15066369,0
2014-02-06 14:00:00,0.17113864,0
2014-02-06 15:00:00,0.19077885,0
2014-02-06 16:00:00,0.19336188,0
2014-02-06 17:00:00,0.17587398,0
2014-02-06 18:00:00,0.1693927,0
2014-02-06 19:00:00,0.16586,0
2014-02-06 20:00:00,0.17024635,0
2014-02-06 21:00:00,0.17126092,0
2014-02-06 22:00:00,0.17513768,0
2014-02-06 23:00:00,0.17620385,0
2014-02-07 00:00:00,0.1819731,0
2014-02-07 01:00:00,0.19539836,0
2014-02-07 02:00:00,0.21578784,0
2014-02-07 03:00:00,0.23282853,0
2014-02-07 04:00:00,0.22765467,0
2014-02-07 05:00:00,0.21871117,0
2014-02-07 06:00:00,0.20474045,0
2014-02-07 07:00:00,0.19333418,0
2014-02-07 08:00:00,0.17682727,0
2014-02-07 09:00:00,0.16670164,0
2014-02-07 10:00:00,0.15744132,0
2014-02-07 11:00:00,0.15493132,0
2014-02-07 12:00:00,0.15825588,0
2014-02-07 13:00:00,0.16861485,0
2014-02-07 14:00:00,0.18549685,0
2014-02-07 15:00:00,0.19637385,0
2014-02-07 16:00:00,0.18450883,0
2014-02-07 17:00:00,0.18239808,0
2014-02-07 18:00:00,0.17766267,0
2014-02-07 19:00:00,0.17004994,0
2014-02-07 20:00:00,0.1594961,0
2014-02-07 21:00:00,0.14628308,0
2014-02-07 22:00:00,0.14091185,0
2014-02-07 23:00:00,0.13992473,0
2014-02-08 00:00:00,0.14558206,0
2014-02-08 01:00:00,0.15946624,0
2014-02-08 02:00:00,0.17952192,0
2014-02-08 03:00:00,0.1836175,0
2014-02-08 04:00:00,0.17827971,0
2014-02-08 05:00:00,0.17367245,0
2014-02-08 06:00:00,0.16165552,0
2014-02-08 07:00:00,0.15237729,0
2014-02-08 08:00:00,0.1392565,0
2014-02-08 09:00:00,0.13386533,0
2014-02-08 10:00:00,0.12656668,0
2014-02-08 11:00:00,0.1252329,0
2014-02-08 12:00:00,0.13143057,0
2014-02-08 13:00:00,0.14408904,0
2014-02-08 14:00:00,0.16202536,0
2014-02-08 15:00:00,0.17272235,0
2014-02-08 16:00:00,0.16629422,0
2014-02-08 17:00:00,0.16451156,0
2014-02-08 18:00:00,0.15963991,0
2014-02-08 19:00:00,0.15086046,0
2014-02-08 20:00:00,0.14444959,0
2014-02-08 21:00:00,0.13492353,0
2014-02-08 22:00:00,0.13227774,0
2014-02-08 23:00:00,0.13026722,0
2014-02-09 00:00:00,0.13717967,0
2014-02-09 01:00:00,0.14943644,0
2014-02-09 02:00:00,0.16615264,0
2014-02-09 03:00:00,0.16843498,0
2014-02-09 04:00:00,0.15755445,0
2014-02-09 05:00:00,0.14702265,0
2014-02-09 06:00:00,0.13733295,0
2014-02-09 07:00:00,0.1294965,0
2014-02-09 08:00:00,0.12217751,0
2014-02-09 09:00:00,0.1218706,0
2014-02-09 10:00:00,0.120143674,0
2014-02-09 11:00:00,0.12113108,0
2014-02-09 12:00:00,0.12930085,0
2014-02-09 13:00:00,0.14180183,0
2014-02-09 14:00:00,0.16120577,0
2014-02-09 15:00:00,0.18158174,0
2014-02-09 16:00:00,0.19639896,0
2014-02-09 17:00:00,0.19812164,0
2014-02-09 18:00:00,0.19192618,0
2014-02-09 19:00:00,0.17985074,0
2014-02-09 20:00:00,0.1647922,0
2014-02-09 21:00:00,0.15569751,0
2014-02-09 22:00:00,0.15152861,0
2014-02-09 23:00:00,0.1507994,0
2014-02-10 00:00:00,0.15603697,0
2014-02-10 01:00:00,0.16330293,0
2014-02-10 02:00:00,0.17150304,0
2014-02-10 03:00:00,0.18184444,0
2014-02-10 04:00:00,0.17802645,0
2014-02-10 05:00:00,0.17192833,0
2014-02-10 06:00:00,0.15692727,0
2014-02-10 07:00:00,0.15237358,0
2014-02-10 08:00:00,0.14118892,0
2014-02-10 09:00:00,0.13571414,0
2014-02-10 10:00:00,0.13032788,0
2014-02-10 11:00:00,0.13034895,0
2014-02-10 12:00:00,0.13696294,0
2014-02-10 13:00:00,0.14948197,0
2014-02-10 14:00:00,0.17134042,0
2014-02-10 15:00:00,0.1924618,0
2014-02-10 16:00:00,0.19479115,0
2014-02-10 17:00:00,0.16948187,0
2014-02-10 18:00:00,0.16452526,0
2014-02-10 19:00:00,0.159287,0
2014-02-10 20:00:00,0.15677309,0
2014-02-10 21:00:00,0.15553895,0
2014-02-10 22:00:00,0.15964596,0
2014-02-10 23:00:00,0.16441101,0
2014-02-11 00:00:00,0.17301896,0
2014-02-11 01:00:00,0.19123429,0
2014-02-11 02:00:00,0.21216305,0
2014-02-11 03:00:00,0.23177849,0
2014-02-11 04:00:00,0.2368966,0
2014-02-11 05:00:00,0.22450937,0
2014-02-11 06:00:00,0.20707825,0
2014-02-11 07:00:00,0.19356693,0
2014-02-11 08:00:00,0.17663325,0
2014-02-11 09:00:00,0.1649651,0
2014-02-11 10:00:00,0.15406229,0
2014-02-11 11:00:00,0.15062273,0
2014-02-11 12:00:00,0.15782449,0
2014-02-11 13:00:00,0.17168148,0
2014-02-11 14:00:00,0.18971223,0
2014-02-11 15:00:00,0.19936739,0
2014-02-11 16:00:00,0.19878067,0
2014-02-11 17:00:00,0.18576743,0
2014-02-11 18:00:00,0.17995927,0
2014-02-11 19:00:00,0.17194745,0
2014-02-11 20:00:00,0.16539703,0
2014-02-11 21:00:00,0.15797651,0
2014-02-11 22:00:00,0.15480685,0
2014-02-11 23:00:00,0.15541852,0
2014-02-12 00:00:00,0.15909585,0
2014-02-12 01:00:00,0.1698243,0
2014-02-12 02:00:00,0.18150878,0
2014-02-12 03:00:00,0.17850372,0
2014-02-12 04:00:00,0.17076896,0
2014-02-12 05:00:00,0.15935269,0
2014-02-12 06:00:00,0.1466765,0
2014-02-12 07:00:00,0.13762175,0
2014-02-12 08:00:00,0.12727335,0
2014-02-12 09:00:00,0.12640755,0
2014-02-12 10:00:00,0.12804243,0
2014-02-12 11:00:00,0.13222183,0
2014-02-12 12:00:00,0.14356674,0
2014-02-12 13:00:00,0.15672088,0
2014-02-12 14:00:00,0.17510262,0
2014-02-12 15:00:00,0.19266406,0
2014-02-12 16:00:00,0.19894704,0
2014-02-12 17:00:00,0.18404838,0
2014-02-12 18:00:00,0.17801088,0
2014-02-12 19:00:00,0.17052329,0
2014-02-12 20:00:00,0.16440448,0
2014-02-12 21:00:00,0.15653035,0
2014-02-12 22:00:00,0.15392765,0
2014-02-12 23:00:00,0.15191987,0
2014-02-13 00:00:00,0.15507823,0
2014-02-13 01:00:00,0.16616955,0
2014-02-13 02:00:00,0.18054721,0
2014-02-13 03:00:00,0.1846373,0
2014-02-13 04:00:00,0.18097742,0
2014-02-13 05:00:00,0.17460053,0
2014-02-13 06:00:00,0.16076076,0
2014-02-13 07:00:00,0.15360811,0
2014-02-13 08:00:00,0.14110386,0
2014-02-13 09:00:00,0.1362374,0
2014-02-13 10:00:00,0.12817536,0
2014-02-13 11:00:00,0.12632059,0
2014-02-13 12:00:00,0.13187127,0
2014-02-13 13:00:00,0.14305465,0
2014-02-13 14:00:00,0.16283165,0
2014-02-13 15:00:00,0.1821594,0
2014-02-13 16:00:00,0.17996351,0
2014-02-13 17:00:00,0.16488273,0
2014-02-13 18:00:00,0.15860553,0
2014-02-13 19:00:00,0.14825578,0
2014-02-13 20:00:00,0.14068304,0
2014-02-13 21:00:00,0.13264358,0
2014-02-13 22:00:00,0.13048188,0
2014-02-13 23:00:00,0.13001715,0
2014-02-14 00:00:00,0.13679694,0
2014-02-14 01:00:00,0.15130809,0
2014-02-14 02:00:00,0.17186812,0
2014-02-14 03:00:00,0.18124285,0
2014-02-14 04:00:00,0.17736872,0
2014-02-14 05:00:00,0.17243065,0
2014-02-14 06:00:00,0.16374867,0
2014-02-14 07:00:00,0.15611783,0
2014-02-14 08:00:00,0.13939612,0
2014-02-14 09:00:00,0.13530152,0
2014-02-14 10:00:00,0.12721358,0
2014-02-14 11:00:00,0.1260119,0
2014-02-14 12:00:00,0.13135007,0
2014-02-14 13:00:00,0.14447372,0
2014-02-14 14:00:00,0.16130486,0
2014-02-14 15:00:00,0.175776,0
2014-02-14 16:00:00,0.16970432,0
2014-02-14 17:00:00,0.15689458,0
2014-02-14 18:00:00,0.14975421,0
2014-02-14 19:00:00,0.14172022,0
2014-02-14 20:00:00,0.135469,0
2014-02-14 21:00:00,0.12845565,0
2014-02-14 22:00:00,0.12703411,0
2014-02-14 23:00:00,0.12853071,0
2014-02-15 00:00:00,0.13532822,0
2014-02-15 01:00:00,0.14965257,0
2014-02-15 02:00:00,0.16639233,0
2014-02-15 03:00:00,0.17126872,0
2014-02-15 04:00:00,0.16798347,0
2014-02-15 05:00:00,0.16570607,0
2014-02-15 06:00:00,0.15656868,0
2014-02-15 07:00:00,0.15120795,0
2014-02-15 08:00:00,0.13940369,0
2014-02-15 09:00:00,0.13796559,0
2014-02-15 10:00:00,0.13555388,0
2014-02-15 11:00:00,0.13748385,0
2014-02-15 12:00:00,0.14701793,0
2014-02-15 13:00:00,0.16538641,0
2014-02-15 14:00:00,0.1935342,0
2014-02-15 15:00:00,0.2210377,0
2014-02-15 16:00:00,0.23907866,0
2014-02-15 17:00:00,0.26450273,0
2014-02-15 18:00:00,0.28348318,0
2014-02-15 19:00:00,0.29437202,0
2014-02-15 20:00:00,0.3070479,0
2014-02-15 21:00:00,0.3139482,0
2014-02-15 22:00:00,0.32020238,0
2014-02-15 23:00:00,0.32210818,0
2014-02-16 00:00:00,0.32763997,0
2014-02-16 01:00:00,0.33006054,0
2014-02-16 02:00:00,0.3253709,0
2014-02-16 03:00:00,0.28898227,0
2014-02-16 04:00:00,0.26996732,0
2014-02-16 05:00:00,0.2511771,0
2014-02-16 06:00:00,0.229354,0
2014-02-16 07:00:00,0.21288612,0
2014-02-16 08:00:00,0.19466105,0
2014-02-16 09:00:00,0.18438461,0
2014-02-16 10:00:00,0.17457919,0
2014-02-16 11:00:00,0.16987908,0
2014-02-16 12:00:00,0.17417648,0
2014-02-16 13:00:00,0.1890766,0
2014-02-16 14:00:00,0.21285902,0
2014-02-16 15:00:00,0.23554312,0
2014-02-16 16:00:00,0.24723834,0
2014-02-16 17:00:00,0.24347833,0
2014-02-16 18:00:00,0.24494413,0
2014-02-16 19:00:00,0.23706968,0
2014-02-16 20:00:00,0.22382246,0
2014-02-16 21:00:00,0.21338719,0
2014-02-16 22:00:00,0.205529,0
2014-02-16 23:00:00,0.19958544,0
2014-02-17 00:00:00,0.20111348,0
2014-02-17 01:00:00,0.21070932,0
2014-02-17 02:00:00,0.22113483,0
2014-02-17 03:00:00,0.22557051,0
2014-02-17 04:00:00,0.22514457,0
2014-02-17 05:00:00,0.22499475,0
2014-02-17 06:00:00,0.22511135,0
2014-02-17 07:00:00,0.22788395,0
2014-02-17 08:00:00,0.22633116,0
2014-02-17 09:00:00,0.23323986,0
2014-02-17 10:00:00,0.23700653,0
2014-02-17 11:00:00,0.24256645,0
2014-02-17 12:00:00,0.2504814,0
2014-02-17 13:00:00,0.26413983,0
2014-02-17 14:00:00,0.28592432,0
2014-02-17 15:00:00,0.31070012,0
2014-02-17 16:00:00,0.33014417,0
2014-02-17 17:00:00,0.34913483,0
2014-02-17 18:00:00,0.3798381,0
2014-02-17 19:00:00,0.41900834,0
2014-02-17 20:00:00,0.44902775,0
2014-02-17 21:00:00,0.44716817,0
2014-02-17 22:00:00,0.45178428,0
2014-02-17 23:00:00,0.46974903,0
2014-02-18 00:00:00,0.48525447,0
2014-02-18 01:00:00,0.50926465,0
2014-02-18 02:00:00,0.5401826,0
2014-02-18 03:00:00,0.57526845,0
2014-02-18 04:00:00,0.60362315,0
2014-02-18 05:00:00,0.60314,0
2014-02-18 06:00:00,0.5746339,0
2014-02-18 07:00:00,0.54011744,0
2014-02-18 08:00:00,0.50596607,0
2014-02-18 09:00:00,0.47403616,0
2014-02-18 10:00:00,0.4454677,0
2014-02-18 11:00:00,0.4213489,0
2014-02-18 12:00:00,0.40656897,0
2014-02-18 13:00:00,0.39549938,0
2014-02-18 14:00:00,0.40604228,0
2014-02-18 15:00:00,0.42597562,0
2014-02-18 16:00:00,0.42862356,0
2014-02-18 17:00:00,0.43118903,0
2014-02-18 18:00:00,0.4285535,0
2014-02-18 19:00:00,0.4166631,0
2014-02-18 20:00:00,0.38963085,0
2014-02-18 21:00:00,0.35627303,0
2014-02-18 22:00:00,0.32893938,0
2014-02-18 23:00:00,0.3028821,0
2014-02-19 00:00:00,0.28765243,0
2014-02-19 01:00:00,0.28275236,0
2014-02-19 02:00:00,0.2892102,0
2014-02-19 03:00:00,0.29025912,0
2014-02-19 04:00:00,0.27760923,0
2014-02-19 05:00:00,0.25766605,0
2014-02-19 06:00:00,0.23121999,0
2014-02-19 07:00:00,0.21494286,0
2014-02-19 08:00:00,0.19469826,0
2014-02-19 09:00:00,0.17791645,0
2014-02-19 10:00:00,0.16289859,0
2014-02-19 11:00:00,0.1543574,0
2014-02-19 12:00:00,0.15571553,0
2014-02-19 13:00:00,0.16435137,0
2014-02-19 14:00:00,0.18379572,0
2014-02-19 15:00:00,0.20735636,0
2014-02-19 16:00:00,0.21743715,0
2014-02-19 17:00:00,0.20027252,0
2014-02-19 18:00:00,0.19217278,0
2014-02-19 19:00:00,0.18366171,0
2014-02-19 20:00:00,0.17468414,0
2014-02-19 21:00:00,0.16382684,0
2014-02-19 22:00:00,0.16040412,0
2014-02-19 23:00:00,0.15831912,0
2014-02-20 00:00:00,0.16336757,0
2014-02-20 01:00:00,0.17951202,0
2014-02-20 02:00:00,0.19225352,0
2014-02-20 03:00:00,0.19655722,0
2014-02-20 04:00:00,0.19207582,0
2014-02-20 05:00:00,0.18817486,0
2014-02-20 06:00:00,0.17274094,0
2014-02-20 07:00:00,0.16063483,0
2014-02-20 08:00:00,0.14647341,0
2014-02-20 09:00:00,0.13891606,0
2014-02-20 10:00:00,0.13022748,0
2014-02-20 11:00:00,0.12661335,0
2014-02-20 12:00:00,0.13116051,0
2014-02-20 13:00:00,0.14124295,0
2014-02-20 14:00:00,0.16107905,0
2014-02-20 15:00:00,0.18168384,0
2014-02-20 16:00:00,0.19072941,0
2014-02-20 17:00:00,0.16996646,0
2014-02-20 18:00:00,0.15503366,0
2014-02-20 19:00:00,0.14506598,0
2014-02-20 20:00:00,0.13806616,0
2014-02-20 21:00:00,0.13253872,0
2014-02-20 22:00:00,0.13162264,0
2014-02-20 23:00:00,0.13852985,0
2014-02-21 00:00:00,0.14514866,0
2014-02-21 01:00:00,0.16322692,0
2014-02-21 02:00:00,0.18511139,0
2014-02-21 03:00:00,0.2021424,0
2014-02-21 04:00:00,0.20932105,0
2014-02-21 05:00:00,0.19965254,0
2014-02-21 06:00:00,0.18945044,0
2014-02-21 07:00:00,0.18265621,0
2014-02-21 08:00:00,0.17205532,0
2014-02-21 09:00:00,0.1629864,0
2014-02-21 10:00:00,0.15257666,0
2014-02-21 11:00:00,0.14725764,0
2014-02-21 12:00:00,0.14869907,0
2014-02-21 13:00:00,0.15919559,0
2014-02-21 14:00:00,0.17449798,0
2014-02-21 15:00:00,0.18661791,0
2014-02-21 16:00:00,0.18128175,0
2014-02-21 17:00:00,0.17008612,0
2014-02-21 18:00:00,0.16402948,0
2014-02-21 19:00:00,0.15674856,0
2014-02-21 20:00:00,0.15108706,0
2014-02-21 21:00:00,0.14531118,0
2014-02-21 22:00:00,0.14418896,0
2014-02-21 23:00:00,0.14584649,0
2014-02-22 00:00:00,0.15043254,0
2014-02-22 01:00:00,0.16352807,0
2014-02-22 02:00:00,0.17374231,0
2014-02-22 03:00:00,0.17270336,0
2014-02-22 04:00:00,0.16876732,0
2014-02-22 05:00:00,0.16423675,0
2014-02-22 06:00:00,0.15021843,0
2014-02-22 07:00:00,0.13811962,0
2014-02-22 08:00:00,0.12682654,0
2014-02-22 09:00:00,0.12306847,0
2014-02-22 10:00:00,0.1205777,0
2014-02-22 11:00:00,0.12068096,0
2014-02-22 12:00:00,0.12864402,0
2014-02-22 13:00:00,0.13980487,0
2014-02-22 14:00:00,0.15556891,0
2014-02-22 15:00:00,0.16654499,0
2014-02-22 16:00:00,0.17058828,0
2014-02-22 17:00:00,0.16770646,0
2014-02-22 18:00:00,0.16169776,0
2014-02-22 19:00:00,0.15393841,0
2014-02-22 20:00:00,0.14929156,0
2014-02-22 21:00:00,0.14405745,0
2014-02-22 22:00:00,0.14275324,0
2014-02-22 23:00:00,0.14395753,0
2014-02-23 00:00:00,0.1482732,0
2014-02-23 01:00:00,0.1562875,0
2014-02-23 02:00:00,0.16184127,0
2014-02-23 03:00:00,0.16129424,0
2014-02-23 04:00:00,0.15674074,0
2014-02-23 05:00:00,0.1486553,0
2014-02-23 06:00:00,0.13846071,0
2014-02-23 07:00:00,0.13143542,0
2014-02-23 08:00:00,0.12187347,0
2014-02-23 09:00:00,0.116742544,0
2014-02-23 10:00:00,0.11249198,0
2014-02-23 11:00:00,0.113180764,0
2014-02-23 12:00:00,0.12067312,0
2014-02-23 13:00:00,0.13062643,0
2014-02-23 14:00:00,0.14676167,0
2014-02-23 15:00:00,0.16246587,0
2014-02-23 16:00:00,0.1671498,0
2014-02-23 17:00:00,0.15633583,0
2014-02-23 18:00:00,0.14894398,0
2014-02-23 19:00:00,0.14125884,0
2014-02-23 20:00:00,0.13491228,0
2014-02-23 21:00:00,0.1282272,0
2014-02-23 22:00:00,0.12656239,0
2014-02-23 23:00:00,0.12689552,0
2014-02-24 00:00:00,0.13294038,0
2014-02-24 01:00:00,0.1459934,0
2014-02-24 02:00:00,0.16065246,0
2014-02-24 03:00:00,0.16755147,0
2014-02-24 04:00:00,0.17209336,0
2014-02-24 05:00:00,0.1746691,0
2014-02-24 06:00:00,0.16522726,0
2014-02-24 07:00:00,0.15812767,0
2014-02-24 08:00:00,0.15363559,0
2014-02-24 09:00:00,0.15102994,0
2014-02-24 10:00:00,0.14691885,0
2014-02-24 11:00:00,0.1463757,0
2014-02-24 12:00:00,0.1511511,0
2014-02-24 13:00:00,0.1619195,0
2014-02-24 14:00:00,0.17938925,0
2014-02-24 15:00:00,0.18582912,0
2014-02-24 16:00:00,0.17462085,0
2014-02-24 17:00:00,0.16821527,0
2014-02-24 18:00:00,0.17077555,0
2014-02-24 19:00:00,0.17771976,0
2014-02-24 20:00:00,0.1899691,0
2014-02-24 21:00:00,0.1986,0
2014-02-24 22:00:00,0.20684619,0
2014-02-24 23:00:00,0.21533221,0
2014-02-25 00:00:00,0.22828574,0
2014-02-25 01:00:00,0.2525946,0
2014-02-25 02:00:00,0.2765204,0
2014-02-25 03:00:00,0.30106157,0
2014-02-25 04:00:00,0.31866518,0
2014-02-25 05:00:00,0.3170024,0
2014-02-25 06:00:00,0.2869472,0
2014-02-25 07:00:00,0.2770055,0
2014-02-25 08:00:00,0.259342,0
2014-02-25 09:00:00,0.246518,0
2014-02-25 10:00:00,0.22650217,0
2014-02-25 11:00:00,0.20977454,0
2014-02-25 12:00:00,0.20219982,0
2014-02-25 13:00:00,0.2039507,0
2014-02-25 14:00:00,0.21183531,0
2014-02-25 15:00:00,0.216905,0
2014-02-25 16:00:00,0.2037574,0
2014-02-25 17:00:00,0.2004535,0
2014-02-25 18:00:00,0.1966352,0
2014-02-25 19:00:00,0.1907702,0
2014-02-25 20:00:00,0.18363272,0
2014-02-25 21:00:00,0.17257744,0
2014-02-25 22:00:00,0.16834502,0
2014-02-25 23:00:00,0.16537488,0
2014-02-26 00:00:00,0.1696551,0
2014-02-26 01:00:00,0.1793389,0
2014-02-26 02:00:00,0.19340862,0
2014-02-26 03:00:00,0.19466539,0
2014-02-26 04:00:00,0.1839309,0
2014-02-26 05:00:00,0.17181522,0
2014-02-26 06:00:00,0.15878616,0
2014-02-26 07:00:00,0.14934123,0
2014-02-26 08:00:00,0.13688959,0
2014-02-26 09:00:00,0.13278918,0
2014-02-26 10:00:00,0.12823573,0
2014-02-26 11:00:00,0.13155566,0
2014-02-26 12:00:00,0.14104232,0
2014-02-26 13:00:00,0.15572125,0
2014-02-26 14:00:00,0.17553313,0
2014-02-26 15:00:00,0.19226506,0
2014-02-26 16:00:00,0.18674122,0
2014-02-26 17:00:00,0.18888807,0
2014-02-26 18:00:00,0.18317482,0
2014-02-26 19:00:00,0.1737426,0
2014-02-26 20:00:00,0.1637294,0
2014-02-26 21:00:00,0.15069991,0
2014-02-26 22:00:00,0.14369223,0
2014-02-26 23:00:00,0.13809302,0
2014-02-27 00:00:00,0.1397902,0
2014-02-27 01:00:00,0.15132682,0
2014-02-27 02:00:00,0.17202064,0
2014-02-27 03:00:00,0.18243136,0
2014-02-27 04:00:00,0.16934502,0
2014-02-27 05:00:00,0.16237992,0
2014-02-27 06:00:00,0.15435365,0
2014-02-27 07:00:00,0.15064672,0
2014-02-27 08:00:00,0.14419878,0
2014-02-27 09:00:00,0.14489849,0
2014-02-27 10:00:00,0.13981193,0
2014-02-27 11:00:00,0.13771251,0
2014-02-27 12:00:00,0.14313625,0
2014-02-27 13:00:00,0.15422899,0
2014-02-27 14:00:00,0.17365323,0
2014-02-27 15:00:00,0.19616847,0
2014-02-27 16:00:00,0.20823981,0
2014-02-27 17:00:00,0.18755184,0
2014-02-27 18:00:00,0.1757919,0
2014-02-27 19:00:00,0.1696822,0
2014-02-27 20:00:00,0.17045742,0
2014-02-27 21:00:00,0.1709196,0
2014-02-27 22:00:00,0.17723095,0
2014-02-27 23:00:00,0.18036897,0
2014-02-28 00:00:00,0.18888284,0
2014-02-28 01:00:00,0.20155317,0
2014-02-28 02:00:00,0.22149312,0
2014-02-28 03:00:00,0.23731387,0
2014-02-28 04:00:00,0.23716104,0
2014-02-28 05:00:00,0.2196207,0
2014-02-28 06:00:00,0.20479752,0
2014-02-28 07:00:00,0.19314319,0
2014-02-28 08:00:00,0.17438154,0
2014-02-28 09:00:00,0.16427614,0
2014-02-28 10:00:00,0.15606697,0
2014-02-28 11:00:00,0.15462004,0
2014-02-28 12:00:00,0.15785655,0
2014-02-28 13:00:00,0.16630208,0
2014-02-28 14:00:00,0.18378012,0
2014-02-28 15:00:00,0.1996679,0
2014-02-28 16:00:00,0.19173484,0
2014-02-28 17:00:00,0.18771407,0
2014-02-28 18:00:00,0.18489173,0
2014-02-28 19:00:00,0.1752935,0
2014-02-28 20:00:00,0.16594593,0
2014-02-28 21:00:00,0.15482953,0
2014-02-28 22:00:00,0.14883783,0
2014-02-28 23:00:00,0.14802295,0
2014-03-01 00:00:00,0.15398194,0
2014-03-01 01:00:00,0.16729032,0
2014-03-01 02:00:00,0.18553714,0
2014-03-01 03:00:00,0.18578131,0
2014-03-01 04:00:00,0.18002999,0
2014-03-01 05:00:00,0.17638156,0
2014-03-01 06:00:00,0.1662225,0
2014-03-01 07:00:00,0.16044562,0
2014-03-01 08:00:00,0.15316334,0
2014-03-01 09:00:00,0.15315919,0
2014-03-01 10:00:00,0.15925986,0
2014-03-01 11:00:00,0.17386155,0
2014-03-01 12:00:00,0.20710318,0
2014-03-01 13:00:00,0.24238193,0
2014-03-01 14:00:00,0.2895941,0
2014-03-01 15:00:00,0.33736235,0
2014-03-01 16:00:00,0.38121638,0
2014-03-01 17:00:00,0.4148596,0
2014-03-01 18:00:00,0.4310133,0
2014-03-01 19:00:00,0.4347777,0
2014-03-01 20:00:00,0.4272654,0
2014-03-01 21:00:00,0.41918978,0
2014-03-01 22:00:00,0.39856416,0
2014-03-01 23:00:00,0.37532997,0
2014-03-02 00:00:00,0.34736222,0
2014-03-02 01:00:00,0.32721275,0
2014-03-02 02:00:00,0.31409913,0
2014-03-02 03:00:00,0.29702458,0
2014-03-03 09:00:00,0.2852602,0
2014-03-03 10:00:00,0.2754917,0
2014-03-03 11:00:00,0.26498556,0
2014-03-03 12:00:00,0.25699365,0
2014-03-03 13:00:00,0.25381497,0
2014-03-03 14:00:00,0.2586611,0
2014-03-03 15:00:00,0.26606223,0
2014-03-03 16:00:00,0.2761961,0
2014-03-03 17:00:00,0.2893707,0
2014-03-03 18:00:00,0.30787662,0
2014-03-03 19:00:00,0.3274088,0
2014-03-03 20:00:00,0.33877102,0
2014-03-03 21:00:00,0.33835897,0
2014-03-03 22:00:00,0.3344299,0
2014-03-03 23:00:00,0.32237202,0
2014-03-04 00:00:00,0.29852682,0
2014-03-04 01:00:00,0.27585387,0
2014-03-04 02:00:00,0.25211152,0
2014-03-04 03:00:00,0.24117656,0
2014-03-04 04:00:00,0.23676641,0
2014-03-04 05:00:00,0.24632213,0
2014-03-04 06:00:00,0.2636735,0
2014-03-04 07:00:00,0.28015536,0
2014-03-04 08:00:00,0.2776093,0
2014-03-04 09:00:00,0.27041098,0
2014-03-04 10:00:00,0.254991,0
2014-03-04 11:00:00,0.23458567,0
2014-03-04 12:00:00,0.21580292,0
2014-03-04 13:00:00,0.20366053,0
2014-03-04 14:00:00,0.19854446,0
2014-03-04 15:00:00,0.19859678,0
2014-03-04 16:00:00,0.20118761,0
2014-03-04 17:00:00,0.21121505,0
2014-03-04 18:00:00,0.22638008,0
2014-03-04 19:00:00,0.2479937,0
2014-03-04 20:00:00,0.25527367,0
2014-03-04 21:00:00,0.23913978,0
2014-03-04 22:00:00,0.22125362,0
2014-03-04 23:00:00,0.21235207,0
2014-03-05 00:00:00,0.202773,0
2014-03-05 01:00:00,0.1927166,0
2014-03-05 02:00:00,0.18258497,0
2014-03-05 03:00:00,0.17950499,0
2014-03-05 04:00:00,0.17840531,0
2014-03-05 05:00:00,0.18400753,0
2014-03-05 06:00:00,0.19721317,0
2014-03-05 07:00:00,0.20870772,0
2014-03-05 08:00:00,0.20373571,0
2014-03-05 09:00:00,0.19719487,0
2014-03-05 10:00:00,0.1899336,0
2014-03-05 11:00:00,0.18095355,0
2014-03-05 12:00:00,0.17545502,0
2014-03-05 13:00:00,0.16758719,0
2014-03-05 14:00:00,0.1682301,0
2014-03-05 15:00:00,0.17200282,0
2014-03-05 16:00:00,0.18255912,0
2014-03-05 17:00:00,0.20101032,0
2014-03-05 18:00:00,0.22165346,0
2014-03-05 19:00:00,0.23600519,0
2014-03-05 20:00:00,0.22182544,0
2014-03-05 21:00:00,0.21461332,0
2014-03-05 22:00:00,0.20836617,0
2014-03-05 23:00:00,0.19664375,0
2014-03-06 00:00:00,0.18402363,0
2014-03-06 01:00:00,0.17382538,0
2014-03-06 02:00:00,0.16710049,0
2014-03-06 03:00:00,0.166923,0
2014-03-06 04:00:00,0.1705198,0
2014-03-06 05:00:00,0.18180111,0
2014-03-06 06:00:00,0.19939606,0
2014-03-06 07:00:00,0.22062095,0
2014-03-06 08:00:00,0.22332689,0
2014-03-06 09:00:00,0.22473237,0
2014-03-06 10:00:00,0.22149035,0
2014-03-06 11:00:00,0.21779215,0
2014-03-06 12:00:00,0.21569522,0
2014-03-06 13:00:00,0.21211533,0
2014-03-06 14:00:00,0.21274999,0
2014-03-06 15:00:00,0.21339975,0
2014-03-06 16:00:00,0.21690689,0
2014-03-06 17:00:00,0.21996525,0
2014-03-06 18:00:00,0.22802071,0
2014-03-06 19:00:00,0.23468183,0
2014-03-06 20:00:00,0.24299586,0
2014-03-06 21:00:00,0.24219954,0
2014-03-06 22:00:00,0.22971642,0
2014-03-06 23:00:00,0.21923368,0
2014-03-07 00:00:00,0.21348174,0
2014-03-07 01:00:00,0.21212092,0
2014-03-07 02:00:00,0.21253143,0
2014-03-07 03:00:00,0.22010472,0
2014-03-07 04:00:00,0.23321365,0
2014-03-07 05:00:00,0.2529282,0
2014-03-07 06:00:00,0.2814878,0
2014-03-07 07:00:00,0.30981588,0
2014-03-07 08:00:00,0.3357148,0
2014-03-07 09:00:00,0.3571037,0
2014-03-07 10:00:00,0.37598246,0
2014-03-07 11:00:00,0.38410914,0
2014-03-07 12:00:00,0.38197014,0
2014-03-07 13:00:00,0.37248343,0
2014-03-07 14:00:00,0.36641306,0
2014-03-07 15:00:00,0.3580568,0
2014-03-07 16:00:00,0.34992373,0
2014-03-07 17:00:00,0.3510056,0
2014-03-07 18:00:00,0.35814393,0
2014-03-07 19:00:00,0.3718183,0
2014-03-07 20:00:00,0.37876838,0
2014-03-07 21:00:00,0.37373346,0
2014-03-07 22:00:00,0.37205133,0
2014-03-07 23:00:00,0.3671217,0
2014-03-08 00:00:00,0.35772672,0
2014-03-08 01:00:00,0.34911188,0
2014-03-08 02:00:00,0.3374265,0
2014-03-08 03:00:00,0.32806683,0
2014-03-08 04:00:00,0.3172691,0
2014-03-08 05:00:00,0.31220853,0
2014-03-08 06:00:00,0.31352058,0
2014-03-08 07:00:00,0.3176795,0
2014-03-08 08:00:00,0.3180003,0
2014-03-08 09:00:00,0.3097525,0
2014-03-08 10:00:00,0.28340057,0
2014-03-08 11:00:00,0.25802454,0
2014-03-08 12:00:00,0.24687545,0
2014-03-08 13:00:00,0.24366876,0
2014-03-08 14:00:00,0.25071704,0
2014-03-08 15:00:00,0.25824684,0
2014-03-08 16:00:00,0.26811036,0
2014-03-08 17:00:00,0.27869055,0
2014-03-08 18:00:00,0.29022282,0
2014-03-08 19:00:00,0.3066221,0
2014-03-08 20:00:00,0.32385698,0
2014-03-08 21:00:00,0.3352651,0
2014-03-08 22:00:00,0.34001678,0
2014-03-08 23:00:00,0.33708334,0
2014-03-09 00:00:00,0.33780357,0
2014-03-09 01:00:00,0.34021738,0
2014-03-09 02:00:00,0.341029,0
2014-03-09 03:00:00,0.34709945,0
2014-03-09 04:00:00,0.35098064,0
2014-03-09 05:00:00,0.35995993,0
2014-03-09 06:00:00,0.37342,0
2014-03-09 07:00:00,0.39436948,0
2014-03-09 08:00:00,0.4109836,0
2014-03-09 09:00:00,0.4219715,0
2014-03-09 10:00:00,0.43128604,0
2014-03-09 11:00:00,0.4433319,0
2014-03-09 12:00:00,0.4542636,0
2014-03-09 13:00:00,0.46412337,0
2014-03-09 14:00:00,0.47824588,0
2014-03-09 15:00:00,0.49106953,0
2014-03-09 16:00:00,0.50152564,0
2014-03-09 17:00:00,0.5193976,0
2014-03-09 18:00:00,0.5405614,0
2014-03-09 19:00:00,0.5712471,0
2014-03-09 20:00:00,0.5966557,0
2014-03-09 21:00:00,0.6121499,0
2014-03-09 22:00:00,0.6225872,0
2014-03-09 23:00:00,0.6276446,0
2014-03-10 00:00:00,0.6349906,0
2014-03-10 01:00:00,0.6391984,0
2014-03-10 02:00:00,0.64556664,0
2014-03-10 03:00:00,0.6593286,0
2014-03-10 04:00:00,0.6792034,0
2014-03-10 05:00:00,0.7024247,0
2014-03-10 06:00:00,0.7343358,0
2014-03-10 07:00:00,0.7663123,0
2014-03-10 08:00:00,0.784126,0
2014-03-10 09:00:00,0.78896856,0
2014-03-10 10:00:00,0.78974015,0
2014-03-10 11:00:00,0.78028345,0
2014-03-10 12:00:00,0.7582311,0
2014-03-10 13:00:00,0.73146737,0
2014-03-10 14:00:00,0.7059798,0
2014-03-10 15:00:00,0.67815506,0
2014-03-10 16:00:00,0.66494846,0
2014-03-10 17:00:00,0.66684043,0
2014-03-10 18:00:00,0.68940175,0
2014-03-10 19:00:00,0.7133413,0
2014-03-10 20:00:00,0.72818357,0
2014-03-10 21:00:00,0.74087304,0
2014-03-10 22:00:00,0.7480468,0
2014-03-10 23:00:00,0.7435444,0
2014-03-11 00:00:00,0.7336705,0
2014-03-11 01:00:00,0.7211251,0
2014-03-11 02:00:00,0.6995668,0
2014-03-11 03:00:00,0.6741819,0
2014-03-11 04:00:00,0.64699143,0
2014-03-11 05:00:00,0.6228816,0
2014-03-11 06:00:00,0.6038448,0
2014-03-11 07:00:00,0.5876153,0
2014-03-11 08:00:00,0.55490685,0
2014-03-11 09:00:00,0.52882177,0
2014-03-11 10:00:00,0.49553898,0
2014-03-11 11:00:00,0.4587644,0
2014-03-11 12:00:00,0.42970356,0
2014-03-11 13:00:00,0.41326115,0
2014-03-11 14:00:00,0.41314533,0
2014-03-11 15:00:00,0.41744924,0
2014-03-11 16:00:00,0.4257619,0
2014-03-11 17:00:00,0.44142786,0
2014-03-11 18:00:00,0.45460364,0
2014-03-11 19:00:00,0.46439075,0
2014-03-11 20:00:00,0.44211787,0
2014-03-11 21:00:00,0.4226661,0
2014-03-11 22:00:00,0.40265864,0
2014-03-11 23:00:00,0.3762411,0
2014-03-12 00:00:00,0.34516463,0
2014-03-12 01:00:00,0.316217,0
2014-03-12 02:00:00,0.28952998,0
2014-03-12 03:00:00,0.27630284,0
2014-03-12 04:00:00,0.26981384,0
2014-03-12 05:00:00,0.26916164,0
2014-03-12 06:00:00,0.2831618,0
2014-03-12 07:00:00,0.29827768,0
2014-03-12 08:00:00,0.2959561,0
2014-03-12 09:00:00,0.2779398,0
2014-03-12 10:00:00,0.26278102,0
2014-03-12 11:00:00,0.24498436,0
2014-03-12 12:00:00,0.23143078,0
2014-03-12 13:00:00,0.22302917,0
2014-03-12 14:00:00,0.2228687,0
2014-03-12 15:00:00,0.22483718,0
2014-03-12 16:00:00,0.23292659,0
2014-03-12 17:00:00,0.24441905,0
2014-03-12 18:00:00,0.2591044,0
2014-03-12 19:00:00,0.2666266,0
2014-03-12 20:00:00,0.2522533,0
2014-03-12 21:00:00,0.24500898,0
2014-03-12 22:00:00,0.23810008,0
2014-03-12 23:00:00,0.22623803,0
2014-03-13 00:00:00,0.21052729,0
2014-03-13 01:00:00,0.1978708,0
2014-03-13 02:00:00,0.18465301,0
2014-03-13 03:00:00,0.17821783,0
2014-03-13 04:00:00,0.17613734,0
2014-03-13 05:00:00,0.1825228,0
2014-03-13 06:00:00,0.19592421,0
2014-03-13 07:00:00,0.21400604,0
2014-03-13 08:00:00,0.20989591,0
2014-03-13 09:00:00,0.21058676,0
2014-03-13 10:00:00,0.2073835,0
2014-03-13 11:00:00,0.19450074,0
2014-03-13 12:00:00,0.18610296,0
2014-03-13 13:00:00,0.17674406,0
2014-03-13 14:00:00,0.1756858,0
2014-03-13 15:00:00,0.17552102,0
2014-03-13 16:00:00,0.17940499,0
2014-03-13 17:00:00,0.1910042,0
2014-03-13 18:00:00,0.2076495,0
2014-03-13 19:00:00,0.2240129,0
2014-03-13 20:00:00,0.22518657,0
2014-03-13 21:00:00,0.20810677,0
2014-03-13 22:00:00,0.19465394,0
2014-03-13 23:00:00,0.18168254,0
2014-03-14 00:00:00,0.16734254,0
2014-03-14 01:00:00,0.1568053,0
2014-03-14 02:00:00,0.14855087,0
2014-03-14 03:00:00,0.14781725,0
2014-03-14 04:00:00,0.15088913,0
2014-03-14 05:00:00,0.16124421,0
2014-03-14 06:00:00,0.18136726,0
2014-03-14 07:00:00,0.1943022,0
2014-03-14 08:00:00,0.19661157,0
2014-03-14 09:00:00,0.19631603,0
2014-03-14 10:00:00,0.19079165,0
2014-03-14 11:00:00,0.17748992,0
2014-03-14 12:00:00,0.16905673,0
2014-03-14 13:00:00,0.16281158,0
2014-03-14 14:00:00,0.16793446,0
2014-03-14 15:00:00,0.17484887,0
2014-03-14 16:00:00,0.18406305,0
2014-03-14 17:00:00,0.19527596,0
2014-03-14 18:00:00,0.20684177,0
2014-03-14 19:00:00,0.22027119,0
2014-03-14 20:00:00,0.21476524,0
2014-03-14 21:00:00,0.20361944,0
2014-03-14 22:00:00,0.19558473,0
2014-03-14 23:00:00,0.18280323,0
2014-03-15 00:00:00,0.16829576,0
2014-03-15 01:00:00,0.15728982,0
2014-03-15 02:00:00,0.14819176,0
2014-03-15 03:00:00,0.1467957,0
2014-03-15 04:00:00,0.14916417,0
2014-03-15 05:00:00,0.15896857,0
2014-03-15 06:00:00,0.17614254,0
2014-03-15 07:00:00,0.18885624,0
2014-03-15 08:00:00,0.18748815,0
2014-03-15 09:00:00,0.18120861,0
2014-03-15 10:00:00,0.17072803,0
2014-03-15 11:00:00,0.1595973,0
2014-03-15 12:00:00,0.15122205,0
2014-03-15 13:00:00,0.14316969,0
2014-03-15 14:00:00,0.13888128,0
2014-03-15 15:00:00,0.13581628,0
2014-03-15 16:00:00,0.13625929,0
2014-03-15 17:00:00,0.14266267,0
2014-03-15 18:00:00,0.15409732,0
2014-03-15 19:00:00,0.17084424,0
2014-03-15 20:00:00,0.18783839,0
2014-03-15 21:00:00,0.19785926,0
2014-03-15 22:00:00,0.19418666,0
2014-03-15 23:00:00,0.17809765,0
2014-03-16 00:00:00,0.17009374,0
2014-03-16 01:00:00,0.16291763,0
2014-03-16 02:00:00,0.15646137,0
2014-03-16 03:00:00,0.1550121,0
2014-03-16 04:00:00,0.15718672,0
2014-03-16 05:00:00,0.16337994,0
2014-03-16 06:00:00,0.17634608,0
2014-03-16 07:00:00,0.18590564,0
2014-03-16 08:00:00,0.18665296,0
2014-03-16 09:00:00,0.1865963,0
2014-03-16 10:00:00,0.18293841,0
2014-03-16 11:00:00,0.17962503,0
2014-03-16 12:00:00,0.18169151,0
2014-03-16 13:00:00,0.18342678,0
2014-03-16 14:00:00,0.19197357,0
2014-03-16 15:00:00,0.20478807,0
2014-03-16 16:00:00,0.22070669,0
2014-03-16 17:00:00,0.24316593,0
2014-03-16 18:00:00,0.26518226,0
2014-03-16 19:00:00,0.29146177,0
2014-03-16 20:00:00,0.3181621,0
2014-03-16 21:00:00,0.33822194,0
2014-03-16 22:00:00,0.34191802,0
2014-03-16 23:00:00,0.35310987,0
2014-03-17 00:00:00,0.3650212,0
2014-03-17 01:00:00,0.38160473,0
2014-03-17 02:00:00,0.40193358,0
2014-03-17 03:00:00,0.43200126,0
2014-03-17 04:00:00,0.46144015,0
2014-03-17 05:00:00,0.49667984,0
2014-03-17 06:00:00,0.5420539,0
2014-03-17 07:00:00,0.5966242,0
2014-03-17 08:00:00,0.6388463,0
2014-03-17 09:00:00,0.6663338,0
2014-03-17 10:00:00,0.67375064,0
2014-03-17 11:00:00,0.67523557,0
2014-03-17 12:00:00,0.67118394,0
2014-03-17 13:00:00,0.6613139,0
2014-03-17 14:00:00,0.6580885,0
2014-03-17 15:00:00,0.65584934,0
2014-03-17 16:00:00,0.6650911,0
2014-03-17 17:00:00,0.6863691,0
2014-03-17 18:00:00,0.7127862,0
2014-03-17 19:00:00,0.7456319,0
2014-03-17 20:00:00,0.76517123,0
2014-03-17 21:00:00,0.7941371,0
2014-03-17 22:00:00,0.8141576,0
2014-03-17 23:00:00,0.8268597,0
2014-03-18 00:00:00,0.830529,0
2014-03-18 01:00:00,0.81768155,0
2014-03-18 02:00:00,0.7951055,0
2014-03-18 05:00:00,0.77084553,0
2014-03-18 06:00:00,0.75389683,0
2014-03-18 07:00:00,0.7410321,0
2014-03-18 08:00:00,0.7331184,0
2014-03-18 09:00:00,0.71331966,0
2014-03-18 10:00:00,0.67441374,0
2014-03-18 11:00:00,0.6417843,0
2014-03-18 12:00:00,0.606143,0
2014-03-18 13:00:00,0.5687791,0
2014-03-18 14:00:00,0.54576194,0
2014-03-18 15:00:00,0.53476983,0
2014-03-18 16:00:00,0.5345319,0
2014-03-18 17:00:00,0.53917074,0
2014-03-18 18:00:00,0.54729307,0
2014-03-18 19:00:00,0.5524464,0
2014-03-18 20:00:00,0.5568995,0
2014-03-18 21:00:00,0.5458549,0
2014-03-18 22:00:00,0.5071076,0
2014-03-18 23:00:00,0.47195297,0
2014-03-19 00:00:00,0.4316083,0
2014-03-19 01:00:00,0.38867107,0
2014-03-19 02:00:00,0.34338307,0
2014-03-19 03:00:00,0.30279267,0
2014-03-19 04:00:00,0.2703309,0
2014-03-19 05:00:00,0.24966413,0
2014-03-19 06:00:00,0.23793857,0
2014-03-19 07:00:00,0.23786223,0
2014-03-19 08:00:00,0.24243282,0
2014-03-19 09:00:00,0.23947321,0
2014-03-19 10:00:00,0.22518678,0
2014-03-19 11:00:00,0.21693894,0
2014-03-19 12:00:00,0.20728055,0
2014-03-19 13:00:00,0.1972337,0
2014-03-19 14:00:00,0.19273251,0
2014-03-19 15:00:00,0.19241798,0
2014-03-19 16:00:00,0.19851694,0
2014-03-19 17:00:00,0.20756856,0
2014-03-19 18:00:00,0.2196008,0
2014-03-19 19:00:00,0.23427898,0
2014-03-19 20:00:00,0.24453247,0
2014-03-19 21:00:00,0.24914758,0
2014-03-19 22:00:00,0.23377064,0
2014-03-19 23:00:00,0.22471984,0
2014-03-20 00:00:00,0.22046793,0
2014-03-20 01:00:00,0.21351607,0
2014-03-20 02:00:00,0.20436318,0
2014-03-20 03:00:00,0.19647244,0
2014-03-20 04:00:00,0.189201,0
2014-03-20 05:00:00,0.19128735,0
2014-03-20 06:00:00,0.19630878,0
2014-03-20 07:00:00,0.21098119,0
2014-03-20 08:00:00,0.22930649,0
2014-03-20 09:00:00,0.23338763,0
2014-03-20 10:00:00,0.22894391,0
2014-03-20 11:00:00,0.22315684,0
2014-03-20 12:00:00,0.21465883,0
2014-03-20 13:00:00,0.20599158,0
2014-03-20 14:00:00,0.199484,0
2014-03-20 15:00:00,0.1918713,0
2014-03-20 16:00:00,0.190296,0
2014-03-20 17:00:00,0.19401309,0
2014-03-20 18:00:00,0.20526764,0
2014-03-20 19:00:00,0.22054727,0
2014-03-20 20:00:00,0.23289903,0
2014-03-20 21:00:00,0.2296007,0
2014-03-20 22:00:00,0.22528362,0
2014-03-20 23:00:00,0.22133596,0
2014-03-21 00:00:00,0.2182299,0
2014-03-21 01:00:00,0.20781283,0
2014-03-21 02:00:00,0.19625773,0
2014-03-21 03:00:00,0.18818423,0
2014-03-21 04:00:00,0.18702506,0
2014-03-21 05:00:00,0.19191682,0
2014-03-21 06:00:00,0.20194422,0
2014-03-21 07:00:00,0.2163995,0
2014-03-21 08:00:00,0.23631227,0
2014-03-21 09:00:00,0.24759448,0
2014-03-21 10:00:00,0.24074486,0
2014-03-21 11:00:00,0.23739116,0
2014-03-21 12:00:00,0.22769296,0
2014-03-21 13:00:00,0.21733493,0
2014-03-21 14:00:00,0.21006706,0
2014-03-21 15:00:00,0.20541582,0
2014-03-21 16:00:00,0.2072508,0
2014-03-21 17:00:00,0.21011128,0
2014-03-21 18:00:00,0.21445553,0
2014-03-21 19:00:00,0.22290638,0
2014-03-21 20:00:00,0.23283522,0
2014-03-21 21:00:00,0.23901422,0
2014-03-21 22:00:00,0.22741418,0
2014-03-21 23:00:00,0.21417402,0
2014-03-22 00:00:00,0.21164542,0
2014-03-22 01:00:00,0.2024057,0
2014-03-22 02:00:00,0.19295743,0
2014-03-22 03:00:00,0.18564855,0
2014-03-22 04:00:00,0.17960975,0
2014-03-22 05:00:00,0.18290721,0
2014-03-22 06:00:00,0.1891977,0
2014-03-22 07:00:00,0.20513816,0
2014-03-22 08:00:00,0.22266829,0
2014-03-22 09:00:00,0.22941181,0
2014-03-22 10:00:00,0.23303972,0
2014-03-22 11:00:00,0.23071319,0
2014-03-22 12:00:00,0.22500189,0
2014-03-22 13:00:00,0.21974902,0
2014-03-22 14:00:00,0.21872847,0
2014-03-22 15:00:00,0.21500881,0
2014-03-22 16:00:00,0.21330643,0
2014-03-22 17:00:00,0.20888078,0
2014-03-22 18:00:00,0.20919636,0
2014-03-22 19:00:00,0.21454105,0
2014-03-22 20:00:00,0.22478049,0
2014-03-22 21:00:00,0.2385628,0
2014-03-22 22:00:00,0.24934071,0
2014-03-22 23:00:00,0.25143778,0
2014-03-23 00:00:00,0.25198606,0
2014-03-23 01:00:00,0.25763068,0
2014-03-23 02:00:00,0.25654358,0
2014-03-23 03:00:00,0.25872102,0
2014-03-23 04:00:00,0.26817444,0
2014-03-23 05:00:00,0.28779826,0
2014-03-23 06:00:00,0.31325653,0
2014-03-23 07:00:00,0.34109542,0
2014-03-23 08:00:00,0.3715551,0
2014-03-23 09:00:00,0.406491,0
2014-03-23 10:00:00,0.43364996,0
2014-03-23 11:00:00,0.45555878,0
2014-03-23 12:00:00,0.46601945,0
2014-03-23 13:00:00,0.47678775,0
2014-03-23 14:00:00,0.48092598,0
2014-03-23 15:00:00,0.48674482,0
2014-03-23 16:00:00,0.4919458,0
2014-03-23 17:00:00,0.49942103,0
2014-03-23 18:00:00,0.50628847,0
2014-03-23 19:00:00,0.51666605,0
2014-03-23 20:00:00,0.5320525,0
2014-03-23 21:00:00,0.5564225,0
2014-03-23 22:00:00,0.58215004,0
2014-03-23 23:00:00,0.6004044,0
2014-03-24 00:00:00,0.6045123,0
2014-03-24 01:00:00,0.6121689,0
2014-03-24 02:00:00,0.6287669,0
2014-03-24 03:00:00,0.641895,0
2014-03-24 04:00:00,0.6519645,0
2014-03-24 19:00:00,0.65997726,0
2014-03-24 20:00:00,0.6782858,0
2014-03-24 21:00:00,0.7224032,0
2014-03-24 22:00:00,0.777445,0
2014-03-24 23:00:00,0.8249524,0
2014-03-25 00:00:00,0.84946805,0
2014-03-25 01:00:00,0.86279,0
2014-03-25 02:00:00,0.8590936,0
2014-03-25 03:00:00,0.85019505,0
2014-03-25 04:00:00,0.834559,0
2014-03-25 05:00:00,0.8145154,0
2014-03-25 06:00:00,0.79570717,0
2014-03-25 07:00:00,0.7780219,0
2014-03-25 08:00:00,0.7641622,0
2014-03-25 09:00:00,0.7567118,0
2014-03-25 10:00:00,0.74651355,0
2014-03-25 11:00:00,0.73805934,0
2014-03-25 12:00:00,0.7246602,0
2014-03-25 13:00:00,0.708531,0
2014-03-25 14:00:00,0.68836164,0
2014-03-25 15:00:00,0.65603364,0
2014-03-25 16:00:00,0.6175163,0
2014-03-25 17:00:00,0.5786698,0
2014-03-25 18:00:00,0.5424054,0
2014-03-25 19:00:00,0.49399853,0
2014-03-25 20:00:00,0.4650253,0
2014-03-25 21:00:00,0.4450186,0
2014-03-25 22:00:00,0.439842,0
2014-03-25 23:00:00,0.44829533,0
2014-03-26 00:00:00,0.45465615,0
2014-03-26 01:00:00,0.4583649,0
2014-03-26 02:00:00,0.447207,0
2014-03-26 03:00:00,0.41120037,0
2014-03-26 04:00:00,0.38561586,0
2014-03-26 05:00:00,0.36235252,0
2014-03-26 06:00:00,0.34109902,0
2014-03-26 07:00:00,0.31848365,0
2014-03-26 08:00:00,0.29407582,0
2014-03-26 09:00:00,0.27218363,0
2014-03-26 10:00:00,0.25643826,0
2014-03-26 11:00:00,0.25435507,0
2014-03-26 12:00:00,0.25831705,0
2014-03-26 13:00:00,0.26116675,0
2014-03-26 14:00:00,0.245589,0
2014-03-26 15:00:00,0.22698207,0
2014-03-26 16:00:00,0.21536787,0
2014-03-26 17:00:00,0.20138884,0
2014-03-26 18:00:00,0.18663996,0
2014-03-26 19:00:00,0.17812747,0
2014-03-26 20:00:00,0.17101508,0
2014-03-26 21:00:00,0.17040452,0
2014-03-26 22:00:00,0.18118866,0
2014-03-26 23:00:00,0.2026082,0
2014-03-27 00:00:00,0.22076476,0
2014-03-27 01:00:00,0.22671227,0
2014-03-27 02:00:00,0.21807796,0
2014-03-27 03:00:00,0.21243884,0
2014-03-27 04:00:00,0.20493476,0
2014-03-27 05:00:00,0.1929897,0
2014-03-27 06:00:00,0.18346332,0
2014-03-27 07:00:00,0.16985439,0
2014-03-27 08:00:00,0.16199808,0
2014-03-27 09:00:00,0.16105738,0
2014-03-27 10:00:00,0.16712716,0
2014-03-27 11:00:00,0.1814827,0
2014-03-27 12:00:00,0.19942093,0
2014-03-27 13:00:00,0.21422906,0
2014-03-27 14:00:00,0.20385933,0
2014-03-27 15:00:00,0.2017312,0
2014-03-27 16:00:00,0.19778442,0
2014-03-27 17:00:00,0.18866387,0
2014-03-27 18:00:00,0.17570332,0
2014-03-27 19:00:00,0.17034902,0
2014-03-27 20:00:00,0.16746278,0
2014-03-27 21:00:00,0.17245552,0
2014-03-27 22:00:00,0.1845321,0
2014-03-27 23:00:00,0.2040423,0
2014-03-28 00:00:00,0.2246715,0
2014-03-28 01:00:00,0.23981778,0
2014-03-28 02:00:00,0.23249571,0
2014-03-28 03:00:00,0.22065008,0
2014-03-28 04:00:00,0.21600823,0
2014-03-28 05:00:00,0.20799312,0
2014-03-28 06:00:00,0.2044734,0
2014-03-28 07:00:00,0.19976468,0
2014-03-28 08:00:00,0.19760673,0
2014-03-28 09:00:00,0.19613561,0
2014-03-28 10:00:00,0.2022315,0
2014-03-28 11:00:00,0.2157402,0
2014-03-28 12:00:00,0.23769338,0
2014-03-28 13:00:00,0.25027364,0
2014-03-28 14:00:00,0.24044618,0
2014-03-28 15:00:00,0.23180012,0
2014-03-28 16:00:00,0.22213104,0
2014-03-28 17:00:00,0.21485765,0
2014-03-28 18:00:00,0.20126095,0
2014-03-28 19:00:00,0.19141383,0
2014-03-28 20:00:00,0.17872578,0
2014-03-28 21:00:00,0.1742467,0
2014-03-28 22:00:00,0.18107064,0
2014-03-28 23:00:00,0.20112337,0
2014-03-29 00:00:00,0.22062328,0
2014-03-29 01:00:00,0.22764957,0
2014-03-29 02:00:00,0.22263838,0
2014-03-29 03:00:00,0.22024025,0
2014-03-29 04:00:00,0.21384385,0
2014-03-29 05:00:00,0.2044059,0
2014-03-29 06:00:00,0.19625832,0
2014-03-29 07:00:00,0.18583433,0
2014-03-29 08:00:00,0.17732976,0
2014-03-29 09:00:00,0.17595343,0
2014-03-29 10:00:00,0.17850153,0
2014-03-29 11:00:00,0.19514535,0
2014-03-29 12:00:00,0.21208532,0
2014-03-29 13:00:00,0.22769655,0
2014-03-29 14:00:00,0.23288055,0
2014-03-29 15:00:00,0.22921126,0
2014-03-29 16:00:00,0.22237828,0
2014-03-29 17:00:00,0.21493399,0
2014-03-29 18:00:00,0.20570481,0
2014-03-29 19:00:00,0.19926293,0
2014-03-29 20:00:00,0.19432886,0
2014-03-29 21:00:00,0.19392931,0
2014-03-29 22:00:00,0.20151688,0
2014-03-29 23:00:00,0.20273116,0
2014-03-30 00:00:00,0.20573217,0
2014-03-30 01:00:00,0.20620087,0
2014-03-30 02:00:00,0.19897023,0
2014-03-30 03:00:00,0.19113536,0
2014-03-30 04:00:00,0.18759888,0
2014-03-30 05:00:00,0.18519181,0
2014-03-30 06:00:00,0.19047165,0
2014-03-30 07:00:00,0.19855776,0
2014-03-30 08:00:00,0.21356928,0
2014-03-30 09:00:00,0.23424976,0
2014-03-30 10:00:00,0.25350824,0
2014-03-30 11:00:00,0.27917516,0
2014-03-30 12:00:00,0.29626632,0
2014-03-30 13:00:00,0.30307102,0
2014-03-30 14:00:00,0.3094206,0
2014-03-30 15:00:00,0.31432462,0
2014-03-30 16:00:00,0.31451762,0
2014-03-30 17:00:00,0.31498003,0
2014-03-30 18:00:00,0.31353885,0
2014-03-30 19:00:00,0.318356,0
2014-03-30 20:00:00,0.32983476,0
2014-03-30 21:00:00,0.343887,0
2014-03-30 22:00:00,0.36166993,0
2014-03-30 23:00:00,0.38114116,0
2014-03-31 00:00:00,0.393741,0
2014-03-31 01:00:00,0.39425454,0
2014-03-31 02:00:00,0.39210182,0
2014-03-31 03:00:00,0.39657474,0
2014-03-31 04:00:00,0.40051296,0
2014-03-31 05:00:00,0.40048835,0
2014-03-31 06:00:00,0.4079886,0
2014-03-31 07:00:00,0.4156051,0
2014-03-31 08:00:00,0.43132037,0
2014-03-31 09:00:00,0.44589016,0
2014-03-31 10:00:00,0.46321017,0
2014-03-31 11:00:00,0.47383532,0
2014-03-31 12:00:00,0.48490524,0
2014-03-31 13:00:00,0.4832335,0
2014-03-31 14:00:00,0.47484803,0
2014-03-31 15:00:00,0.46094513,0
2014-03-31 16:00:00,0.469602,0
2014-03-31 17:00:00,0.4843775,0
2014-03-31 18:00:00,0.5086296,0
2014-03-31 19:00:00,0.5355894,0
2014-03-31 20:00:00,0.55059487,0
2014-03-31 21:00:00,0.56893414,0
2014-03-31 22:00:00,0.5829968,0
2014-03-31 23:00:00,0.59902585,0
2014-04-01 00:00:00,0.6171518,0
2014-04-01 01:00:00,0.62348384,0
2014-04-01 02:00:00,0.60656637,0
2014-04-01 03:00:00,0.5843241,0
2014-04-01 04:00:00,0.56192154,0
2014-04-01 05:00:00,0.53562045,0
2014-04-01 06:00:00,0.50996745,0
2014-04-01 07:00:00,0.48480442,0
2014-04-01 08:00:00,0.45557594,0
2014-04-01 09:00:00,0.43495178,0
2014-04-01 10:00:00,0.41662884,0
2014-04-01 11:00:00,0.41215166,0
2014-04-01 12:00:00,0.41320044,0
2014-04-01 13:00:00,0.41219166,0
2014-04-01 14:00:00,0.39909545,0
2014-04-01 15:00:00,0.3892933,0
2014-04-01 16:00:00,0.38191405,0
2014-04-01 17:00:00,0.3781812,0
2014-04-01 18:00:00,0.37066224,0
2014-04-01 19:00:00,0.35889202,0
2014-04-01 20:00:00,0.3417243,0
2014-04-01 21:00:00,0.3268678,0
2014-04-01 22:00:00,0.32234836,0
2014-04-01 23:00:00,0.3304321,0
2014-04-02 00:00:00,0.34041885,0
2014-04-02 01:00:00,0.35524133,0
2014-04-02 02:00:00,0.36098263,0
2014-04-02 03:00:00,0.33326086,0
2014-04-02 04:00:00,0.30835262,0
2014-04-02 05:00:00,0.2928132,0
2014-04-02 06:00:00,0.27735063,0
2014-04-02 07:00:00,0.25471902,0
2014-04-02 08:00:00,0.23493807,0
2014-04-02 09:00:00,0.22062215,0
2014-04-02 10:00:00,0.2154074,0
2014-04-02 11:00:00,0.22365206,0
2014-04-02 12:00:00,0.23878606,0
2014-04-02 13:00:00,0.25059935,0
2014-04-02 14:00:00,0.24578364,0
2014-04-02 15:00:00,0.24575402,0
2014-04-02 16:00:00,0.24210921,0
2014-04-02 17:00:00,0.23386075,0
2014-04-02 18:00:00,0.21617381,0
2014-04-02 19:00:00,0.20353845,0
2014-04-02 20:00:00,0.19395907,0
2014-04-02 21:00:00,0.19504227,0
2014-04-02 22:00:00,0.20664401,0
2014-04-02 23:00:00,0.226715,0
2014-04-03 00:00:00,0.24291342,0
2014-04-03 01:00:00,0.249113,0
2014-04-03 02:00:00,0.2413252,0
2014-04-03 03:00:00,0.23121609,0
2014-04-03 04:00:00,0.22242478,0
2014-04-03 05:00:00,0.20868565,0
2014-04-03 06:00:00,0.1959059,0
2014-04-03 07:00:00,0.18294927,0
2014-04-03 08:00:00,0.17299774,0
2014-04-03 09:00:00,0.16632028,0
2014-04-10 15:00:00,0.1690991,0
2014-04-10 16:00:00,0.18273935,0
2014-04-10 17:00:00,0.20221083,0
2014-04-10 18:00:00,0.21405259,0
2014-04-10 19:00:00,0.20461352,0
2014-04-10 20:00:00,0.19814444,0
2014-04-10 21:00:00,0.19387881,0
2014-04-10 22:00:00,0.18814842,0
2014-04-10 23:00:00,0.18444438,0
2014-04-11 00:00:00,0.18521054,0
2014-04-11 01:00:00,0.18846181,0
2014-04-11 02:00:00,0.19616969,0
2014-04-11 03:00:00,0.2075064,0
2014-04-11 04:00:00,0.21717155,0
2014-04-11 05:00:00,0.23118705,0
2014-04-11 06:00:00,0.24639511,0
2014-04-11 07:00:00,0.26268184,0
2014-04-11 08:00:00,0.278119,0
2014-04-11 09:00:00,0.30401632,0
2014-04-11 10:00:00,0.32482466,0
2014-04-11 11:00:00,0.33959585,0
2014-04-11 12:00:00,0.3508982,0
2014-04-11 13:00:00,0.36239633,0
2014-04-11 14:00:00,0.37930113,0
2014-04-11 15:00:00,0.3958272,0
2014-04-11 16:00:00,0.41539654,0
2014-04-11 17:00:00,0.42381755,0
2014-04-11 18:00:00,0.41531062,0
2014-04-11 19:00:00,0.40360737,0
2014-04-11 20:00:00,0.39395252,0
2014-04-11 21:00:00,0.38092777,0
2014-04-11 22:00:00,0.37126687,0
2014-04-11 23:00:00,0.36035666,0
2014-04-12 00:00:00,0.35200727,0
2014-04-12 01:00:00,0.34861225,0
2014-04-12 02:00:00,0.35138443,0
2014-04-12 03:00:00,0.36380887,0
2014-04-12 04:00:00,0.3828301,0
2014-04-12 05:00:00,0.40140757,0
2014-04-12 06:00:00,0.40200725,0
2014-04-12 07:00:00,0.38682175,0
2014-04-12 08:00:00,0.3631637,0
2014-04-12 09:00:00,0.33939582,0
2014-04-12 10:00:00,0.31521887,0
2014-04-12 11:00:00,0.30111477,0
2014-04-12 12:00:00,0.29815477,0
2014-04-12 13:00:00,0.30188337,0
2014-04-12 14:00:00,0.31462908,0
2014-04-12 15:00:00,0.33663562,0
2014-04-12 16:00:00,0.36849898,0
2014-04-12 17:00:00,0.4038815,0
2014-04-12 18:00:00,0.425872,0
2014-04-12 19:00:00,0.45196652,0
2014-04-12 20:00:00,0.47830233,0
2014-04-12 21:00:00,0.5073697,0
2014-04-12 22:00:00,0.545087,0
2014-04-12 23:00:00,0.58871865,0
2014-04-13 00:00:00,0.64329904,0
2014-04-13 01:00:00,0.71008456,0
2014-04-13 02:00:00,0.7884272,0
2014-04-13 03:00:00,0.8718411,0
2014-04-13 04:00:00,0.9656951,0
2014-04-13 05:00:00,1.0598164,0
2014-04-13 06:00:00,1.1560491,0
2014-04-13 07:00:00,1.241896,0
2014-04-13 08:00:00,1.3404485,0
2014-04-13 09:00:00,1.435127,0
2014-04-13 10:00:00,1.5350268,1
2014-04-13 11:00:00,1.638213,1
2014-04-13 12:00:00,1.7441947,1
2014-04-13 13:00:00,1.8462288,1
2014-04-13 14:00:00,1.9444916,1
2014-04-13 15:00:00,2.0423844,1
2014-04-13 16:00:00,2.1274652,1
2014-04-13 17:00:00,2.2012053,1
2014-04-13 18:00:00,2.2643814,1
2014-04-13 19:00:00,2.3391645,1
2014-04-13 20:00:00,2.4086373,1
2014-04-13 21:00:00,2.45732,1
2014-04-13 22:00:00,2.4992342,1
2014-04-13 23:00:00,2.53262,1
2014-04-14 00:00:00,2.5607576,1
2014-04-14 01:00:00,2.5874913,1
2014-04-14 02:00:00,2.6079614,1
2014-04-14 03:00:00,2.629477,1
2014-04-14 04:00:00,2.6388571,1
2014-04-14 05:00:00,2.6349118,1
2014-04-14 06:00:00,2.609812,1
2014-04-14 07:00:00,2.5704112,1
2014-04-14 08:00:00,2.5352979,1
2014-04-14 09:00:00,2.483631,1
2014-04-14 10:00:00,2.408004,1
2014-04-14 11:00:00,2.321518,1
2014-04-14 12:00:00,2.2254667,1
2014-04-14 13:00:00,2.1402347,1
2014-04-14 14:00:00,2.0781734,1
2014-04-14 15:00:00,2.0286803,1
2014-04-14 16:00:00,2.0034263,1
2014-04-14 17:00:00,1.9767387,1
2014-04-14 18:00:00,1.9258134,1
2014-04-14 19:00:00,1.8453398,1
2014-04-14 20:00:00,1.7873186,1
2014-04-14 21:00:00,1.7386267,1
2014-04-14 22:00:00,1.6874862,1
2014-04-14 23:00:00,1.6329491,1
2014-04-15 00:00:00,1.581313,1
2014-04-15 01:00:00,1.5138043,1
2014-04-15 02:00:00,1.4496384,0
2014-04-15 03:00:00,1.3930445,0
2014-04-15 04:00:00,1.3517404,0
2014-04-15 05:00:00,1.3044004,0
2014-04-15 06:00:00,1.2554159,0
2014-04-15 07:00:00,1.1839249,0
2014-04-15 08:00:00,1.0832412,0
2014-04-15 09:00:00,1.0042826,0
2014-04-15 10:00:00,0.9411977,0
2014-04-15 11:00:00,0.8977316,0
2014-04-15 12:00:00,0.8611469,0
2014-04-15 13:00:00,0.8345996,0
2014-04-15 14:00:00,0.81790215,0
2014-04-15 15:00:00,0.81171054,0
2014-04-15 16:00:00,0.810974,0
2014-04-15 17:00:00,0.80778015,0
2014-04-15 18:00:00,0.7898067,0
2014-04-15 19:00:00,0.7640485,0
2014-04-15 20:00:00,0.72754776,0
2014-04-15 21:00:00,0.68820924,0
2014-04-15 22:00:00,0.64698535,0
2014-04-15 23:00:00,0.60684615,0
2014-04-16 00:00:00,0.57081234,0
2014-04-16 01:00:00,0.5438577,0
2014-04-16 02:00:00,0.52919376,0
2014-04-16 03:00:00,0.51956224,0
2014-04-16 04:00:00,0.52336454,0
2014-04-16 05:00:00,0.52300364,0
2014-04-16 06:00:00,0.51841235,0
2014-04-16 07:00:00,0.51397896,0
2014-04-16 08:00:00,0.5029529,0
2014-04-16 09:00:00,0.48784214,0
2014-04-16 10:00:00,0.4646988,0
2014-04-16 11:00:00,0.45267025,0
2014-04-16 12:00:00,0.4429185,0
2014-04-16 13:00:00,0.44282785,0
2014-04-16 14:00:00,0.4505838,0
2014-04-16 15:00:00,0.46214822,0
2014-04-16 16:00:00,0.48225403,0
2014-04-16 17:00:00,0.4960224,0
2014-04-16 18:00:00,0.4978069,0
2014-04-16 19:00:00,0.49789393,0
2014-04-16 20:00:00,0.50078875,0
2014-04-16 21:00:00,0.49303678,0
2014-04-16 22:00:00,0.48415178,0
2014-04-16 23:00:00,0.47408804,0
2014-04-17 00:00:00,0.47222525,0
2014-04-17 01:00:00,0.47059858,0
2014-04-17 02:00:00,0.47852665,0
2014-04-17 03:00:00,0.49551332,0
2014-04-17 04:00:00,0.5165036,0
2014-04-17 05:00:00,0.5332035,0
2014-04-17 06:00:00,0.5290172,0
2014-04-17 07:00:00,0.5173081,0
2014-04-17 08:00:00,0.5029958,0
2014-04-17 09:00:00,0.49115822,0
2014-04-17 10:00:00,0.47748047,0
2014-04-17 11:00:00,0.47105226,0
2014-04-17 12:00:00,0.46393076,0
2014-04-17 13:00:00,0.46409556,0
2014-04-17 14:00:00,0.47318918,0
2014-04-17 15:00:00,0.48648852,0
2014-04-17 16:00:00,0.5046336,0
2014-04-17 17:00:00,0.518302,0
2014-04-17 18:00:00,0.5103187,0
2014-04-17 19:00:00,0.49207538,0
2014-04-17 20:00:00,0.47401118,0
2014-04-17 21:00:00,0.45906585,0
2014-04-17 22:00:00,0.4458977,0
2014-04-17 23:00:00,0.43418467,0
2014-04-18 00:00:00,0.42867115,0
2014-04-18 01:00:00,0.42515746,0
2014-04-18 02:00:00,0.42558417,0
2014-04-18 03:00:00,0.43411836,0
2014-04-18 04:00:00,0.44783366,0
2014-04-18 05:00:00,0.45534575,0
2014-04-18 06:00:00,0.4445335,0
2014-04-18 07:00:00,0.4081698,0
2014-04-18 08:00:00,0.3790869,0
2014-04-18 09:00:00,0.34601733,0
2014-04-18 10:00:00,0.31682092,0
2014-04-18 11:00:00,0.2937578,0
2014-04-18 12:00:00,0.27692097,0
2014-04-18 13:00:00,0.26800206,0
2014-04-18 14:00:00,0.2665623,0
2014-04-18 15:00:00,0.27119282,0
2014-04-18 16:00:00,0.2819331,0
2014-04-18 17:00:00,0.2833088,0
2014-04-18 18:00:00,0.2688211,0
2014-04-18 19:00:00,0.2612563,0
2014-04-18 20:00:00,0.25056303,0
2014-04-18 21:00:00,0.23510826,0
2014-04-18 22:00:00,0.21813656,0
2014-04-18 23:00:00,0.20383827,0
2014-04-19 00:00:00,0.19904757,0
2014-04-19 01:00:00,0.19950888,0
2014-04-19 02:00:00,0.20862277,0
2014-04-19 03:00:00,0.22274663,0
2014-04-19 04:00:00,0.23876762,0
2014-04-19 05:00:00,0.2411457,0
2014-04-19 06:00:00,0.23757866,0
2014-04-19 07:00:00,0.23036657,0
2014-04-19 08:00:00,0.21623716,0
2014-04-19 09:00:00,0.20505054,0
2014-04-19 10:00:00,0.19665334,0
2014-04-19 11:00:00,0.19794153,0
2014-04-19 12:00:00,0.20173696,0
2014-04-19 13:00:00,0.21134186,0
2014-04-19 14:00:00,0.22745977,0
2014-04-19 15:00:00,0.24517831,0
2014-04-19 16:00:00,0.26583385,0
2014-04-19 17:00:00,0.28118357,0
2014-04-19 18:00:00,0.28644052,0
2014-04-19 19:00:00,0.28063184,0
2014-04-19 20:00:00,0.2738108,0
2014-04-19 21:00:00,0.2703305,0
2014-04-19 22:00:00,0.27388626,0
2014-04-19 23:00:00,0.28436074,0
2014-04-20 00:00:00,0.30646923,0
2014-04-20 01:00:00,0.33752456,0
2014-04-20 02:00:00,0.3756209,0
2014-04-20 03:00:00,0.4219002,0
2014-04-20 04:00:00,0.4704724,0
2014-04-20 05:00:00,0.5140226,0
2014-04-20 06:00:00,0.5487955,0
2014-04-20 07:00:00,0.58398455,0
2014-04-20 08:00:00,0.624308,0
2014-04-20 09:00:00,0.6659099,0
2014-04-20 10:00:00,0.71000755,0
2014-04-20 11:00:00,0.7621796,0
2014-04-20 12:00:00,0.810422,0
2014-04-20 13:00:00,0.8648142,0
2014-04-20 14:00:00,0.91550624,0
2014-04-20 15:00:00,0.9725545,0
2014-04-20 16:00:00,1.0232754,0
2014-04-20 17:00:00,1.0696981,0
2014-04-20 18:00:00,1.116778,0
2014-04-20 19:00:00,1.161626,0
2014-04-20 20:00:00,1.2035662,0
2014-04-20 21:00:00,1.2550604,0
2014-04-20 22:00:00,1.3002615,0
2014-04-20 23:00:00,1.3428332,0
2014-04-21 00:00:00,1.3888903,0
2014-04-21 01:00:00,1.4409785,0
2014-04-21 02:00:00,1.5010576,1
2014-04-21 03:00:00,1.5576026,1
2014-04-21 04:00:00,1.6177684,1
2014-04-21 05:00:00,1.6650654,1
2014-04-21 06:00:00,1.7001493,1
2014-04-21 07:00:00,1.7216595,1
2014-04-21 08:00:00,1.7311997,1
2014-04-21 09:00:00,1.7280252,1
2014-04-21 10:00:00,1.7034624,1
2014-04-21 11:00:00,1.6634612,1
2014-04-21 12:00:00,1.613541,1
2014-04-21 13:00:00,1.5599539,1
2014-04-21 14:00:00,1.5169926,1
2014-04-21 15:00:00,1.4924244,1
2014-04-21 16:00:00,1.4997088,1
2014-04-21 17:00:00,1.515548,1
2014-04-21 18:00:00,1.512145,1
2014-04-21 19:00:00,1.478391,1
2014-04-21 20:00:00,1.4561489,0
2014-04-21 21:00:00,1.4241889,0
2014-04-21 22:00:00,1.3952591,0
2014-04-21 23:00:00,1.3624964,0
2014-04-22 00:00:00,1.3318863,0
2014-04-22 01:00:00,1.2876813,0
2014-04-22 02:00:00,1.2393466,0
2014-04-22 03:00:00,1.1944767,0
2014-04-22 04:00:00,1.1503677,0
2014-04-22 05:00:00,1.0980711,0
2014-04-22 06:00:00,1.0404567,0
2014-04-22 07:00:00,0.96941686,0
2014-04-22 08:00:00,0.8899196,0
2014-04-22 09:00:00,0.8318145,0
2014-04-22 10:00:00,0.775442,0
2014-04-22 11:00:00,0.7357921,0
2014-04-22 12:00:00,0.702836,0
2014-04-22 13:00:00,0.6855034,0
2014-04-22 14:00:00,0.68154407,0
2014-04-22 15:00:00,0.6829399,0
2014-04-22 16:00:00,0.6828684,0
2014-04-22 17:00:00,0.6715827,0
2014-04-22 18:00:00,0.64077693,0
2014-04-22 19:00:00,0.60476476,0
2014-04-22 20:00:00,0.5650571,0
2014-04-22 21:00:00,0.52166134,0
2014-04-22 22:00:00,0.47638893,0
2014-04-22 23:00:00,0.43231463,0
2014-04-23 00:00:00,0.39744085,0
2014-04-23 01:00:00,0.36892682,0
2014-04-23 02:00:00,0.34948167,0
2014-04-23 03:00:00,0.33340904,0
2014-04-23 04:00:00,0.32925892,0
2014-04-23 05:00:00,0.3313555,0
2014-04-23 06:00:00,0.31320277,0
2014-04-23 07:00:00,0.29263106,0
2014-04-23 08:00:00,0.27019015,0
2014-04-23 09:00:00,0.2491892,0
2014-04-23 10:00:00,0.22683083,0
2014-04-23 11:00:00,0.2142008,0
2014-04-23 12:00:00,0.20738602,0
2014-04-23 13:00:00,0.20858046,0
2014-04-23 14:00:00,0.2162363,0
2014-04-23 15:00:00,0.22984768,0
2014-04-23 16:00:00,0.24902293,0
2014-04-23 17:00:00,0.26277727,0
2014-04-23 18:00:00,0.25925225,0
2014-04-23 19:00:00,0.2510629,0
2014-04-23 20:00:00,0.24429764,0
2014-04-23 21:00:00,0.23507023,0
2014-04-23 22:00:00,0.22767155,0
2014-04-23 23:00:00,0.21879126,0
2014-04-24 00:00:00,0.21208264,0
2014-04-24 01:00:00,0.20407331,0
2014-04-24 02:00:00,0.20303808,0
2014-04-24 03:00:00,0.21072674,0
2014-04-24 04:00:00,0.22209714,0
2014-04-24 05:00:00,0.21971186,0
2014-04-24 06:00:00,0.20956036,0
2014-04-24 07:00:00,0.19790371,0
2014-04-24 08:00:00,0.1856129,0
2014-04-24 09:00:00,0.17441416,0
2014-04-24 10:00:00,0.1617553,0
2014-04-24 11:00:00,0.15310752,0
2014-04-24 12:00:00,0.14768831,0
2014-04-24 13:00:00,0.14906175,0
2014-04-24 14:00:00,0.161947,0
2014-04-24 15:00:00,0.18018195,0
2014-04-24 16:00:00,0.2037938,0
2014-04-24 17:00:00,0.21409832,0
2014-04-24 18:00:00,0.20501557,0
2014-04-24 19:00:00,0.19227055,0
2014-04-24 20:00:00,0.18223792,0
2014-04-24 21:00:00,0.16965055,0
2014-04-24 22:00:00,0.15881716,0
2014-04-24 23:00:00,0.150762,0
2014-04-25 00:00:00,0.14998345,0
2014-04-25 01:00:00,0.15352628,0
2014-04-25 02:00:00,0.16707501,0
2014-04-25 03:00:00,0.18983185,0
2014-04-25 04:00:00,0.21472995,0
2014-04-25 05:00:00,0.2215459,0
2014-04-25 06:00:00,0.22049753,0
2014-04-25 07:00:00,0.21855822,0
2014-04-25 08:00:00,0.20705813,0
2014-04-25 09:00:00,0.19100827,0
2014-04-25 10:00:00,0.17292836,0
2014-04-25 11:00:00,0.1651142,0
2014-04-25 12:00:00,0.16320553,0
2014-04-25 13:00:00,0.16934367,0
2014-04-25 14:00:00,0.18251018,0
2014-04-25 15:00:00,0.20065272,0
2014-04-25 16:00:00,0.22087038,0
2014-04-25 17:00:00,0.22132896,0
2014-04-25 18:00:00,0.21061781,0
2014-04-25 19:00:00,0.2080144,0
2014-04-25 20:00:00,0.19894613,0
2014-04-25 21:00:00,0.1842786,0
2014-04-25 22:00:00,0.17182004,0
2014-04-25 23:00:00,0.16149956,0
2014-04-26 00:00:00,0.15844215,0
2014-04-26 01:00:00,0.15796736,0
2014-04-26 02:00:00,0.16691864,0
2014-04-26 03:00:00,0.18608277,0
2014-04-26 04:00:00,0.21395905,0
2014-04-26 05:00:00,0.22411078,0
2014-04-26 06:00:00,0.21699584,0
2014-04-26 07:00:00,0.20895547,0
2014-04-26 08:00:00,0.19779383,0
2014-04-26 09:00:00,0.18962161,0
2014-04-26 10:00:00,0.18302856,0
2014-04-26 11:00:00,0.185047,0
2014-04-26 12:00:00,0.19318454,0
2014-04-26 13:00:00,0.20271704,0
2014-04-26 14:00:00,0.22211933,0
2014-04-26 15:00:00,0.2391344,0
2014-04-26 16:00:00,0.26242533,0
2014-04-26 17:00:00,0.27528128,0
2014-04-26 18:00:00,0.2795276,0
2014-04-26 19:00:00,0.2677732,0
2014-04-26 20:00:00,0.25859696,0
2014-04-26 21:00:00,0.25017273,0
2014-04-26 22:00:00,0.24507107,0
2014-04-26 23:00:00,0.23546769,0
2014-04-27 00:00:00,0.23895685,0
2014-04-27 01:00:00,0.25221935,0
2014-04-27 02:00:00,0.2722903,0
2014-04-27 03:00:00,0.30117542,0
2014-04-27 04:00:00,0.3350092,0
2014-04-27 05:00:00,0.36134797,0
2014-04-27 06:00:00,0.37986714,0
2014-04-27 07:00:00,0.39721915,0
2014-04-27 08:00:00,0.41384426,0
2014-04-27 09:00:00,0.43065226,0
2014-04-27 10:00:00,0.44085953,0
2014-04-27 11:00:00,0.45182472,0
2014-04-27 12:00:00,0.45306888,0
2014-04-27 13:00:00,0.4543497,0
2014-04-27 14:00:00,0.44978222,0
2014-04-27 15:00:00,0.44967294,0
2014-04-27 16:00:00,0.45162264,0
2014-04-27 17:00:00,0.4499223,0
2014-04-27 18:00:00,0.43641752,0
2014-04-27 19:00:00,0.42672816,0
2014-04-27 20:00:00,0.41151816,0
2014-04-27 21:00:00,0.40219742,0
2014-04-27 22:00:00,0.39731625,0
2014-04-27 23:00:00,0.3961265,0
2014-04-28 00:00:00,0.40159425,0
2014-04-28 01:00:00,0.41253257,0
2014-04-28 02:00:00,0.43251655,0
2014-04-28 03:00:00,0.45861253,0
2014-04-28 04:00:00,0.48429003,0
2014-04-28 05:00:00,0.49517182,0
2014-04-28 06:00:00,0.49792963,0
2014-04-28 07:00:00,0.49736094,0
2014-04-28 08:00:00,0.4934401,0
2014-04-28 09:00:00,0.48970395,0
2014-04-28 10:00:00,0.47656795,0
2014-04-28 11:00:00,0.46860537,0
2014-04-28 12:00:00,0.46155894,0
2014-04-28 13:00:00,0.45907322,0
2014-04-28 14:00:00,0.46415895,0
2014-04-28 15:00:00,0.47363663,0
2014-04-28 16:00:00,0.487439,0
2014-04-28 17:00:00,0.50143313,0
2014-04-28 18:00:00,0.50791276,0
2014-04-28 19:00:00,0.5003802,0
2014-04-28 20:00:00,0.48787367,0
2014-04-28 21:00:00,0.4726864,0
2014-04-28 22:00:00,0.45437464,0
2014-04-28 23:00:00,0.4320762,0
2014-04-29 00:00:00,0.41103214,0
2014-04-29 01:00:00,0.38644728,0
2014-04-29 02:00:00,0.36469856,0
2014-04-29 03:00:00,0.35251758,0
2014-04-29 04:00:00,0.3486683,0
2014-04-29 05:00:00,0.34819478,0
2014-04-29 06:00:00,0.3364038,0
2014-04-29 07:00:00,0.31214005,0
2014-04-29 08:00:00,0.28646252,0
2014-04-29 09:00:00,0.26654202,0
2014-04-29 10:00:00,0.25241768,0
2014-04-29 11:00:00,0.24905282,0
2014-04-29 12:00:00,0.25358367,0
2014-04-29 13:00:00,0.2658588,0
2014-04-29 14:00:00,0.28472456,0
2014-04-29 15:00:00,0.30516207,0
2014-04-29 16:00:00,0.3271149,0
2014-04-29 17:00:00,0.3449342,0
2014-04-29 18:00:00,0.35158,0
2014-04-29 19:00:00,0.35242674,0
2014-04-29 20:00:00,0.35327354,0
2014-04-29 21:00:00,0.3524561,0
2014-04-29 22:00:00,0.3539356,0
2014-04-29 23:00:00,0.35812473,0
2014-04-30 00:00:00,0.36458784,0
2014-04-30 01:00:00,0.37471756,0
2014-04-30 02:00:00,0.39242977,0
2014-04-30 03:00:00,0.4131883,0
2014-04-30 04:00:00,0.44187018,0
2014-04-30 05:00:00,0.45890325,0
2014-04-30 06:00:00,0.47116643,0
2014-04-30 07:00:00,0.47900873,0
2014-04-30 08:00:00,0.4911262,0
2014-04-30 09:00:00,0.49546534,0
2014-04-30 10:00:00,0.48927426,0
2014-04-30 11:00:00,0.48190144,0
2014-04-30 12:00:00,0.46670446,0
2014-04-30 13:00:00,0.45199865,0
2014-04-30 14:00:00,0.44069582,0
2014-04-30 15:00:00,0.43762964,0
2014-04-30 16:00:00,0.44438243,0
2014-04-30 17:00:00,0.45022073,0
2014-04-30 18:00:00,0.44097665,0
2014-04-30 19:00:00,0.43238994,0
2014-04-30 20:00:00,0.42665428,0
2014-04-30 21:00:00,0.41768906,0
2014-04-30 22:00:00,0.4082176,0
2014-04-30 23:00:00,0.39222398,0
2014-05-01 00:00:00,0.38416857,0
2014-05-01 01:00:00,0.37393335,0
2014-05-01 02:00:00,0.37131554,0
2014-05-01 03:00:00,0.37560847,0
2014-05-01 04:00:00,0.38340792,0
2014-05-01 05:00:00,0.37906674,0
2014-05-01 06:00:00,0.36263603,0
2014-05-01 07:00:00,0.33184013,0
2014-05-01 08:00:00,0.30727106,0
2014-05-01 09:00:00,0.2857627,0
2014-05-01 10:00:00,0.26696345,0
2014-05-01 11:00:00,0.25441954,0
2014-05-01 12:00:00,0.24574488,0
2014-05-01 13:00:00,0.24189536,0
2014-05-01 14:00:00,0.24780321,0
2014-05-01 15:00:00,0.25596613,0
2014-05-01 16:00:00,0.26652268,0
2014-05-01 17:00:00,0.26895794,0
2014-05-01 18:00:00,0.26624385,0
2014-05-01 19:00:00,0.26041806,0
2014-05-01 20:00:00,0.25346774,0
2014-05-01 21:00:00,0.24317548,0
2014-05-01 22:00:00,0.232483,0
2014-05-01 23:00:00,0.22495048,0
2014-05-02 00:00:00,0.21936616,0
2014-05-02 01:00:00,0.21444997,0
2014-05-02 02:00:00,0.21257618,0
2014-05-02 03:00:00,0.21591187,0
2014-05-02 04:00:00,0.22257432,0
2014-05-02 05:00:00,0.2207688,0
2014-05-02 06:00:00,0.21730214,0
2014-05-02 07:00:00,0.21402173,0
2014-05-02 08:00:00,0.20663306,0
2014-05-02 09:00:00,0.19645382,0
2014-05-02 10:00:00,0.18399961,0
2014-05-02 11:00:00,0.17585175,0
2014-05-02 12:00:00,0.168545,0
2014-05-02 13:00:00,0.16699764,0
2014-05-02 14:00:00,0.17003448,0
2014-05-02 15:00:00,0.17788002,0
2014-05-02 16:00:00,0.19035828,0
2014-05-02 17:00:00,0.2001929,0
2014-05-02 18:00:00,0.20133288,0
2014-05-02 19:00:00,0.19549319,0
2014-05-02 20:00:00,0.18971987,0
2014-05-02 21:00:00,0.18119822,0
2014-05-02 22:00:00,0.1768467,0
2014-05-02 23:00:00,0.17169285,0
2014-05-03 00:00:00,0.17188169,0
2014-05-03 01:00:00,0.17451721,0
2014-05-03 02:00:00,0.17974499,0
2014-05-03 03:00:00,0.18942456,0
2014-05-03 04:00:00,0.19786927,0
2014-05-03 05:00:00,0.20134433,0
2014-05-03 06:00:00,0.19761217,0
2014-05-03 07:00:00,0.19378603,0
2014-05-03 08:00:00,0.18410408,0
2014-05-03 09:00:00,0.1770096,0
2014-05-03 10:00:00,0.17110604,0
2014-05-03 11:00:00,0.17294963,0
2014-05-03 12:00:00,0.17821561,0
2014-05-03 13:00:00,0.18630439,0
2014-05-03 14:00:00,0.19942197,0
2014-05-03 15:00:00,0.21286106,0
2014-05-03 16:00:00,0.23014182,0
2014-05-03 17:00:00,0.24341233,0
2014-05-03 18:00:00,0.25072053,0
2014-05-03 19:00:00,0.24803847,0
2014-05-03 20:00:00,0.24603571,0
2014-05-03 21:00:00,0.24662144,0
2014-05-03 22:00:00,0.25167665,0
2014-05-03 23:00:00,0.2597709,0
2014-05-04 00:00:00,0.27411565,0
2014-05-04 01:00:00,0.2894847,0
2014-05-04 02:00:00,0.30942607,0
2014-05-04 03:00:00,0.341016,0
2014-05-04 04:00:00,0.37961015,0
2014-05-04 05:00:00,0.4136456,0
2014-05-04 06:00:00,0.44012964,0
2014-05-04 07:00:00,0.46113542,0
2014-05-04 08:00:00,0.47476602,0
2014-05-04 09:00:00,0.48998922,0
2014-05-04 10:00:00,0.50079226,0
2014-05-04 11:00:00,0.5160412,0
2014-05-04 12:00:00,0.52705103,0
2014-05-04 13:00:00,0.54768103,0
2014-05-04 14:00:00,0.5724607,0
2014-05-04 15:00:00,0.6054224,0
2014-05-04 16:00:00,0.64186203,0
2014-05-04 17:00:00,0.6765216,0
2014-05-04 18:00:00,0.69863045,0
2014-05-04 19:00:00,0.7124513,0
2014-05-04 20:00:00,0.72465867,0
2014-05-04 21:00:00,0.7407818,0
2014-05-04 22:00:00,0.7617648,0
2014-05-04 23:00:00,0.782698,0
2014-05-05 00:00:00,0.80995667,0
2014-05-05 01:00:00,0.8405039,0
2014-05-05 02:00:00,0.8803756,0
2014-05-05 03:00:00,0.91799235,0
2014-05-05 04:00:00,0.95417225,0
2014-05-05 05:00:00,0.9771743,0
2014-05-05 06:00:00,0.9956084,0
2014-05-05 07:00:00,1.0154318,0
2014-05-05 08:00:00,1.0277125,0
2014-05-05 09:00:00,1.040486,0
2014-05-05 10:00:00,1.040509,0
2014-05-05 11:00:00,1.0384272,0
2014-05-05 12:00:00,1.0326135,0
2014-05-05 13:00:00,1.0227845,0
2014-05-05 14:00:00,1.0167673,0
2014-05-05 15:00:00,1.0161914,0
2014-05-05 16:00:00,1.0249641,0
2014-05-05 17:00:00,1.0355203,0
2014-05-05 18:00:00,1.037337,0
2014-05-05 19:00:00,1.0211868,0
2014-05-05 20:00:00,1.0014743,0
2014-05-05 21:00:00,0.98268443,0
2014-05-05 22:00:00,0.95272374,0
2014-05-05 23:00:00,0.919505,0
2014-05-06 00:00:00,0.8800196,0
2014-05-06 01:00:00,0.84429204,0
2014-05-06 02:00:00,0.8102452,0
2014-05-06 03:00:00,0.7896319,0
2014-05-06 04:00:00,0.78112686,0
2014-05-06 05:00:00,0.7657238,0
2014-05-06 06:00:00,0.74003667,0
2014-05-06 07:00:00,0.68736994,0
2014-05-06 08:00:00,0.6415341,0
2014-05-06 09:00:00,0.602267,0
2014-05-06 10:00:00,0.56532824,0
2014-05-06 11:00:00,0.53630203,0
2014-05-06 12:00:00,0.5175802,0
2014-05-06 13:00:00,0.5049609,0
2014-05-06 14:00:00,0.4991408,0
2014-05-06 15:00:00,0.49717432,0
2014-05-06 16:00:00,0.49890527,0
2014-05-06 17:00:00,0.49588168,0
2014-05-06 18:00:00,0.48778385,0
2014-05-06 19:00:00,0.48152298,0
2014-05-06 20:00:00,0.47195876,0
2014-05-06 21:00:00,0.4568926,0
2014-05-06 22:00:00,0.44366074,0
2014-05-06 23:00:00,0.42732584,0
2014-05-07 00:00:00,0.4168391,0
2014-05-07 01:00:00,0.40595654,0
2014-05-07 02:00:00,0.3970158,0
2014-05-07 03:00:00,0.38933378,0
2014-05-07 04:00:00,0.3841258,0
2014-05-07 05:00:00,0.37796322,0
2014-05-07 06:00:00,0.36658096,0
2014-05-07 07:00:00,0.3389191,0
2014-05-07 08:00:00,0.31870198,0
2014-05-07 09:00:00,0.30622953,0
2014-05-07 10:00:00,0.29512644,0
2014-05-07 11:00:00,0.2856167,0
2014-05-07 12:00:00,0.2771351,0
2014-05-07 13:00:00,0.27273655,0
2014-05-07 14:00:00,0.27966654,0
2014-05-07 15:00:00,0.2965165,0
2014-05-07 16:00:00,0.31624016,0
2014-05-07 17:00:00,0.32894072,0
2014-05-07 18:00:00,0.33725178,0
2014-05-07 19:00:00,0.34398332,0
2014-05-07 20:00:00,0.3531605,0
2014-05-07 21:00:00,0.3548804,0
2014-05-07 22:00:00,0.3506474,0
2014-05-07 23:00:00,0.33582816,0
2014-05-08 00:00:00,0.32334638,0
2014-05-08 01:00:00,0.31487688,0
2014-05-08 02:00:00,0.31384742,0
2014-05-08 03:00:00,0.3249238,0
2014-05-08 04:00:00,0.3398284,0
2014-05-08 05:00:00,0.34059823,0
2014-05-08 06:00:00,0.33388892,0
2014-05-08 07:00:00,0.31925303,0
2014-05-08 08:00:00,0.29951614,0
2014-05-08 09:00:00,0.2745903,0
2014-05-08 10:00:00,0.25512177,0
2014-05-08 11:00:00,0.24002343,0
2014-05-08 12:00:00,0.22997661,0
2014-05-08 13:00:00,0.22549574,0
2014-05-08 14:00:00,0.23232219,0
2014-05-08 15:00:00,0.24710628,0
2014-05-08 16:00:00,0.26605016,0
2014-05-08 17:00:00,0.2715006,0
2014-05-08 18:00:00,0.2638224,0
2014-05-08 19:00:00,0.26272196,0
2014-05-08 20:00:00,0.25517258,0
2014-05-08 21:00:00,0.24157472,0
2014-05-08 22:00:00,0.22791295,0
2014-05-08 23:00:00,0.21604402,0
2014-05-09 00:00:00,0.20935422,0
2014-05-09 01:00:00,0.20512398,0
2014-05-09 02:00:00,0.20826058,0
2014-05-09 03:00:00,0.21978705,0
2014-05-09 04:00:00,0.23785412,0
2014-05-09 05:00:00,0.24103062,0
2014-05-09 06:00:00,0.22851884,0
2014-05-09 07:00:00,0.21581545,0
2014-05-09 08:00:00,0.2039366,0
2014-05-09 09:00:00,0.19311908,0
2014-05-09 10:00:00,0.17996657,0
2014-05-09 11:00:00,0.17474726,0
2014-05-09 12:00:00,0.17285417,0
2014-05-09 13:00:00,0.17710038,0
2014-05-09 14:00:00,0.19002508,0
2014-05-09 15:00:00,0.20766129,0
2014-05-09 16:00:00,0.2306959,0
2014-05-09 17:00:00,0.24703182,0
2014-05-09 18:00:00,0.24431619,0
2014-05-09 19:00:00,0.22057435,0
2014-05-09 20:00:00,0.21090762,0
2014-05-09 21:00:00,0.19930835,0
2014-05-09 22:00:00,0.18858849,0
2014-05-09 23:00:00,0.17504665,0
2014-05-10 00:00:00,0.16750935,0
2014-05-10 01:00:00,0.1653783,0
2014-05-10 02:00:00,0.17205034,0
2014-05-10 03:00:00,0.18597774,0
2014-05-10 04:00:00,0.20317745,0
2014-05-10 05:00:00,0.20836613,0
2014-05-10 06:00:00,0.20207603,0
2014-05-10 07:00:00,0.19057924,0
2014-05-10 08:00:00,0.1778148,0
2014-05-10 09:00:00,0.16567226,0
2014-05-10 10:00:00,0.15642425,0
2014-05-10 11:00:00,0.15120384,0
2014-05-10 12:00:00,0.14944349,0
2014-05-10 13:00:00,0.15257792,0
2014-05-10 14:00:00,0.16119382,0
2014-05-10 15:00:00,0.17596252,0
2014-05-10 16:00:00,0.19588712,0
2014-05-10 17:00:00,0.21480088,0
2014-05-10 18:00:00,0.2287204,0
2014-05-10 19:00:00,0.23095013,0
2014-05-10 20:00:00,0.21233243,0
2014-05-10 21:00:00,0.19659442,0
2014-05-10 22:00:00,0.18617523,0
2014-05-10 23:00:00,0.17769969,0
2014-05-11 00:00:00,0.17736427,0
2014-05-11 01:00:00,0.18006206,0
2014-05-11 02:00:00,0.19121726,0
2014-05-11 03:00:00,0.20593266,0
2014-05-11 04:00:00,0.22500476,0
2014-05-11 05:00:00,0.23866427,0
2014-05-11 06:00:00,0.24862298,0
2014-05-11 07:00:00,0.2523132,0
2014-05-11 08:00:00,0.25905174,0
2014-05-11 09:00:00,0.26393035,0
2014-05-11 10:00:00,0.26887625,0
2014-05-11 11:00:00,0.27969342,0
2014-05-11 12:00:00,0.29471594,0
2014-05-11 13:00:00,0.31321993,0
2014-05-11 14:00:00,0.33943757,0
2014-05-11 15:00:00,0.37099776,0
2014-05-11 16:00:00,0.40835658,0
2014-05-11 17:00:00,0.44033295,0
2014-05-11 18:00:00,0.45381084,0
2014-05-11 19:00:00,0.47119263,0
2014-05-11 20:00:00,0.4948295,0
2014-05-11 21:00:00,0.5200816,0
2014-05-11 22:00:00,0.5468974,0
2014-05-11 23:00:00,0.5718169,0
2014-05-12 00:00:00,0.6013606,0
2014-05-12 01:00:00,0.63154167,0
2014-05-12 02:00:00,0.66250044,0
2014-05-12 03:00:00,0.7016931,0
2014-05-12 04:00:00,0.75036395,0
2014-05-12 05:00:00,0.7876374,0
2014-05-12 06:00:00,0.81655085,0
2014-05-12 07:00:00,0.83727264,0
2014-05-12 08:00:00,0.85070366,0
2014-05-12 09:00:00,0.8663314,0
2014-05-12 10:00:00,0.87034714,0
2014-05-12 11:00:00,0.8691677,0
2014-05-12 12:00:00,0.8580724,0
2014-05-12 13:00:00,0.85125697,0
2014-05-12 14:00:00,0.85291725,0
2014-05-12 15:00:00,0.86124456,0
2014-05-12 16:00:00,0.88021344,0
2014-05-12 17:00:00,0.90816987,0
2014-05-12 18:00:00,0.9174383,0
2014-05-12 19:00:00,0.9029746,0
2014-05-12 20:00:00,0.88170767,0
2014-05-12 21:00:00,0.86174965,0
2014-05-12 22:00:00,0.8422767,0
2014-05-12 23:00:00,0.81745565,0
2014-05-13 00:00:00,0.7960651,0
2014-05-13 01:00:00,0.76872355,0
2014-05-13 02:00:00,0.7497074,0
2014-05-13 03:00:00,0.72721773,0
2014-05-13 04:00:00,0.7059041,0
2014-05-13 05:00:00,0.68135625,0
2014-05-13 06:00:00,0.650787,0
2014-05-13 07:00:00,0.60649186,0
2014-05-13 08:00:00,0.55342066,0
2014-05-13 09:00:00,0.51228744,0
2014-05-13 10:00:00,0.4701441,0
2014-05-13 11:00:00,0.44075274,0
2014-05-13 12:00:00,0.42185673,0
2014-05-13 13:00:00,0.40992483,0
2014-05-13 14:00:00,0.40870154,0
2014-05-13 15:00:00,0.41420746,0
2014-05-13 16:00:00,0.42519414,0
2014-05-13 17:00:00,0.42735654,0
2014-05-13 18:00:00,0.41644683,0
2014-05-13 19:00:00,0.4019366,0
2014-05-13 20:00:00,0.38240787,0
2014-05-13 21:00:00,0.35669264,0
2014-05-13 22:00:00,0.32966664,0
2014-05-13 23:00:00,0.3058071,0
2014-05-14 00:00:00,0.28857207,0
2014-05-14 01:00:00,0.27293506,0
2014-05-14 02:00:00,0.2628547,0
2014-05-14 03:00:00,0.26422018,0
2014-05-14 04:00:00,0.27401358,0
2014-05-14 05:00:00,0.27606416,0
2014-05-14 06:00:00,0.262007,0
2014-05-14 07:00:00,0.24946363,0
2014-05-14 08:00:00,0.23763978,0
2014-05-14 09:00:00,0.22926126,0
2014-05-14 10:00:00,0.21377313,0
2014-05-14 11:00:00,0.20275429,0
2014-05-14 12:00:00,0.19479015,0
2014-05-14 13:00:00,0.19470671,0
2014-05-14 14:00:00,0.2030433,0
2014-05-14 15:00:00,0.21533684,0
2014-05-14 16:00:00,0.22969055,0
2014-05-14 17:00:00,0.23562631,0
2014-05-14 18:00:00,0.22550257,0
2014-05-14 19:00:00,0.21747571,0
2014-05-14 20:00:00,0.21000168,0
2014-05-14 21:00:00,0.2021096,0
2014-05-14 22:00:00,0.19420269,0
2014-05-14 23:00:00,0.18557218,0
2014-05-15 00:00:00,0.18268073,0
2014-05-15 01:00:00,0.18173647,0
2014-05-15 02:00:00,0.18779294,0
2014-05-15 03:00:00,0.20208547,0
2014-05-15 04:00:00,0.224811,0
2014-05-15 05:00:00,0.23272046,0
2014-05-15 06:00:00,0.2261177,0
2014-05-15 07:00:00,0.21323292,0
2014-05-15 08:00:00,0.19989695,0
2014-05-15 09:00:00,0.18795547,0
2014-05-15 10:00:00,0.17465523,0
2014-05-15 11:00:00,0.16622211,0
2014-05-15 12:00:00,0.16397215,0
2014-05-15 13:00:00,0.17074725,0
2014-05-15 14:00:00,0.18540618,0
2014-05-15 15:00:00,0.20521381,0
2014-05-15 16:00:00,0.22785936,0
2014-05-15 17:00:00,0.23861144,0
2014-05-15 18:00:00,0.22287615,0
2014-05-15 19:00:00,0.21499425,0
2014-05-15 20:00:00,0.20988773,0
2014-05-15 21:00:00,0.20098539,0
2014-05-15 22:00:00,0.19220383,0
2014-05-15 23:00:00,0.18088138,0
2014-05-16 00:00:00,0.1776803,0
2014-05-16 01:00:00,0.17720494,0
2014-05-16 02:00:00,0.18267676,0
2014-05-16 03:00:00,0.19853592,0
2014-05-16 04:00:00,0.22104216,0
2014-05-16 05:00:00,0.23076639,0
2014-05-16 06:00:00,0.22529852,0
2014-05-16 07:00:00,0.21053253,0
2014-05-16 08:00:00,0.19398758,0
2014-05-16 09:00:00,0.17732021,0
2014-05-16 10:00:00,0.16207562,0
2014-05-16 11:00:00,0.15287809,0
2014-05-16 12:00:00,0.14783178,0
2014-05-16 13:00:00,0.15122046,0
2014-05-16 14:00:00,0.16160713,0
2014-05-16 15:00:00,0.17673671,0
2014-05-16 16:00:00,0.19812596,0
2014-05-16 17:00:00,0.21608607,0
2014-05-16 18:00:00,0.21502395,0
2014-05-16 19:00:00,0.19676837,0
2014-05-16 20:00:00,0.18823503,0
2014-05-16 21:00:00,0.1767275,0
2014-05-16 22:00:00,0.16780472,0
2014-05-16 23:00:00,0.15808626,0
2014-05-17 00:00:00,0.15514652,0
2014-05-17 01:00:00,0.15726273,0
2014-05-17 02:00:00,0.1629835,0
2014-05-17 03:00:00,0.17619999,0
2014-05-17 04:00:00,0.18828471,0
2014-05-17 05:00:00,0.18876132,0
2014-05-17 06:00:00,0.18749234,0
2014-05-17 07:00:00,0.18618026,0
2014-05-17 08:00:00,0.18159318,0
2014-05-17 09:00:00,0.18024363,0
2014-05-17 10:00:00,0.18095048,0
2014-05-17 11:00:00,0.18960492,0
2014-05-17 12:00:00,0.20028985,0
2014-05-17 13:00:00,0.22355461,0
2014-05-17 14:00:00,0.25401852,0
2014-05-17 15:00:00,0.2929133,0
2014-05-17 16:00:00,0.33147588,0
2014-05-17 17:00:00,0.37030983,0
2014-05-17 18:00:00,0.38856453,0
2014-05-17 19:00:00,0.39779317,0
2014-05-17 20:00:00,0.40085626,0
2014-05-17 21:00:00,0.4073422,0
2014-05-17 22:00:00,0.4081199,0
2014-05-17 23:00:00,0.40568188,0
2014-05-18 00:00:00,0.4108643,0
2014-05-18 01:00:00,0.42371672,0
2014-05-18 02:00:00,0.44958037,0
2014-05-18 03:00:00,0.4882028,0
2014-05-18 04:00:00,0.53876007,0
2014-05-18 05:00:00,0.5936617,0
2014-05-18 06:00:00,0.6461007,0
2014-05-18 07:00:00,0.6866506,0
2014-05-18 08:00:00,0.71363276,0
2014-05-18 09:00:00,0.7651499,0
2014-05-18 10:00:00,0.8228711,0
2014-05-18 11:00:00,0.8870622,0
2014-05-18 12:00:00,0.95801634,0
2014-05-18 13:00:00,1.0295175,0
2014-05-18 14:00:00,1.1081934,0
2014-05-18 15:00:00,1.1888572,0
2014-05-18 16:00:00,1.274779,0
2014-05-18 17:00:00,1.3405129,0
2014-05-18 18:00:00,1.4010444,0
2014-05-18 19:00:00,1.4615368,0
2014-05-18 20:00:00,1.5232888,1
2014-05-18 21:00:00,1.5745406,1
2014-05-18 22:00:00,1.635869,1
2014-05-18 23:00:00,1.7013758,1
2014-05-19 00:00:00,1.7765205,1
2014-05-19 01:00:00,1.8511534,1
2014-05-19 02:00:00,1.9332962,1
2014-05-19 03:00:00,2.0143857,1
2014-05-19 04:00:00,2.0919628,1
2014-05-19 05:00:00,2.1456957,1
2014-05-19 06:00:00,2.1930685,1
2014-05-19 07:00:00,2.1972308,1
2014-05-19 08:00:00,2.2142859,1
2014-05-19 09:00:00,2.2275736,1
2014-05-19 10:00:00,2.223066,1
2014-05-19 11:00:00,2.2035084,1
2014-05-19 12:00:00,2.1726544,1
2014-05-19 13:00:00,2.151009,1
2014-05-19 14:00:00,2.1580334,1
2014-05-19 15:00:00,2.1856632,1
2014-05-19 16:00:00,2.2312498,1
2014-05-19 17:00:00,2.3070726,1
2014-05-19 18:00:00,2.3983393,1
2014-05-19 19:00:00,2.4860241,1
2014-05-19 20:00:00,2.5527508,1
2014-05-19 21:00:00,2.6096678,1
2014-05-19 22:00:00,2.6391933,1
2014-05-19 23:00:00,2.6628313,1
2014-05-20 00:00:00,2.6827135,1
2014-05-20 01:00:00,2.6916776,1
2014-05-20 02:00:00,2.6931987,1
2014-05-20 03:00:00,2.7012277,1
2014-05-20 04:00:00,2.7149034,1
2014-05-20 05:00:00,2.735258,1
2014-05-20 06:00:00,2.7430923,1
2014-05-20 07:00:00,2.7539854,1
2014-05-20 08:00:00,2.7678237,1
2014-05-20 09:00:00,2.7605705,1
2014-05-20 10:00:00,2.7609363,1
2014-05-20 11:00:00,2.770494,1
2014-05-20 12:00:00,2.79884,1
2014-05-20 13:00:00,2.8383,1
2014-05-20 14:00:00,2.859981,1
2014-05-20 15:00:00,2.86765,1
2014-05-20 16:00:00,2.8475542,1
2014-05-20 17:00:00,2.8087597,1
2014-05-20 18:00:00,2.7265246,1
2014-05-20 19:00:00,2.6266692,1
2014-05-20 20:00:00,2.5390396,1
2014-05-20 21:00:00,2.4574778,1
2014-05-20 22:00:00,2.3859553,1
2014-05-20 23:00:00,2.3107822,1
2014-05-21 00:00:00,2.241129,1
2014-05-21 01:00:00,2.178821,1
2014-05-21 02:00:00,2.123157,1
2014-05-21 03:00:00,2.0781758,1
2014-05-21 04:00:00,2.0463853,1
2014-05-21 05:00:00,2.0087209,1
2014-05-21 06:00:00,1.9737095,1
2014-05-21 07:00:00,1.9078386,1
2014-05-21 08:00:00,1.8173991,1
2014-05-21 09:00:00,1.7263582,1
2014-05-21 10:00:00,1.6415476,1
2014-05-21 11:00:00,1.5620495,1
2014-05-21 12:00:00,1.4992526,1
2014-05-21 13:00:00,1.45373,0
2014-05-21 14:00:00,1.4384,0
2014-05-21 15:00:00,1.4418203,0
2014-05-21 16:00:00,1.4681468,1
2014-05-21 17:00:00,1.4794103,1
2014-05-21 18:00:00,1.4575659,0
2014-05-21 19:00:00,1.4548509,0
2014-05-21 20:00:00,1.43453,0
2014-05-21 21:00:00,1.4024957,0
2014-05-21 22:00:00,1.3736715,0
2014-05-21 23:00:00,1.3502947,0
2014-05-22 00:00:00,1.3321794,0
2014-05-22 01:00:00,1.314011,0
2014-05-22 02:00:00,1.3075805,0
2014-05-22 03:00:00,1.3123438,0
2014-05-22 04:00:00,1.3181975,0
2014-05-22 05:00:00,1.3317873,0
2014-05-22 06:00:00,1.3256603,0
2014-05-22 07:00:00,1.3049476,0
2014-05-22 08:00:00,1.2103066,0
2014-05-22 09:00:00,1.1871457,0
2014-05-22 10:00:00,1.1750512,0
2014-05-22 11:00:00,1.1719493,0
2014-05-22 12:00:00,1.1706727,0
2014-05-22 13:00:00,1.1784353,0
2014-05-22 14:00:00,1.2006116,0
2014-05-22 15:00:00,1.224304,0
2014-05-22 16:00:00,1.2402012,0
2014-05-22 17:00:00,1.211578,0
2014-05-22 18:00:00,1.1632457,0
2014-05-22 19:00:00,1.136252,0
2014-05-22 20:00:00,1.0985863,0
2014-05-22 21:00:00,1.0441996,0
2014-05-22 22:00:00,0.9896145,0
2014-05-22 23:00:00,0.932816,0
2014-05-23 00:00:00,0.8910266,0
2014-05-23 01:00:00,0.85325605,0
2014-05-23 02:00:00,0.8333062,0
2014-05-23 03:00:00,0.8389869,0
2014-05-23 04:00:00,0.8679966,0
2014-05-23 05:00:00,0.90121186,0
2014-05-23 06:00:00,0.90560496,0
2014-05-23 07:00:00,0.85305476,0
2014-05-23 08:00:00,0.8269972,0
2014-05-23 09:00:00,0.7975976,0
2014-05-23 10:00:00,0.7741786,0
2014-05-23 11:00:00,0.7602867,0
2014-05-23 12:00:00,0.75527054,0
2014-05-23 13:00:00,0.7615169,0
2014-05-23 14:00:00,0.77670014,0
2014-05-23 15:00:00,0.7984114,0
2014-05-23 16:00:00,0.8140722,0
2014-05-23 17:00:00,0.8031827,0
2014-05-23 18:00:00,0.7879918,0
2014-05-23 19:00:00,0.7753415,0
2014-05-23 20:00:00,0.76151055,0
2014-05-23 21:00:00,0.7377991,0
2014-05-23 22:00:00,0.71686155,0
2014-05-23 23:00:00,0.69658464,0
2014-05-24 00:00:00,0.68422496,0
2014-05-24 01:00:00,0.67743826,0
2014-05-24 02:00:00,0.681009,0
2014-05-24 03:00:00,0.695651,0
2014-05-24 04:00:00,0.71903956,0
2014-05-24 05:00:00,0.7526536,0
2014-05-24 06:00:00,0.7289253,0
2014-05-24 07:00:00,0.7060065,0
2014-05-24 08:00:00,0.69713956,0
2014-05-24 09:00:00,0.6954076,0
2014-05-24 10:00:00,0.7119136,0
2014-05-24 11:00:00,0.75850743,0
2014-05-24 12:00:00,0.8199199,0
2014-05-24 13:00:00,0.8881302,0
2014-05-24 14:00:00,0.96006066,0
2014-05-24 15:00:00,1.052722,0
2014-05-24 16:00:00,1.1601897,0
2014-05-24 17:00:00,1.274831,0
2014-05-24 18:00:00,1.3797793,0
2014-05-24 19:00:00,1.4450349,0
2014-05-24 20:00:00,1.4931536,1
2014-05-24 21:00:00,1.5276483,1
2014-05-24 22:00:00,1.5299027,1
2014-05-24 23:00:00,1.5262597,1
2014-05-25 00:00:00,1.5217407,1
2014-05-25 01:00:00,1.5250595,1
2014-05-25 02:00:00,1.5422163,1
2014-05-25 03:00:00,1.5799727,1
2014-05-25 04:00:00,1.6351529,1
2014-05-25 05:00:00,1.69109,1
2014-05-25 06:00:00,1.7492465,1
2014-05-25 07:00:00,1.778478,1
2014-05-25 08:00:00,1.8182188,1
2014-05-25 09:00:00,1.8604227,1
2014-05-25 10:00:00,1.8864212,1
2014-05-25 11:00:00,1.9016821,1
2014-05-25 12:00:00,1.91588,1
2014-05-25 13:00:00,1.9226341,1
2014-05-25 14:00:00,1.9277517,1
2014-05-25 15:00:00,1.9148867,1
2014-05-25 16:00:00,1.86929,1
2014-05-25 17:00:00,1.8000801,1
2014-05-25 18:00:00,1.7152827,1
2014-05-25 19:00:00,1.6131873,1
2014-05-25 20:00:00,1.515677,1
2014-05-25 21:00:00,1.423716,0
2014-05-25 22:00:00,1.3651571,0
2014-05-25 23:00:00,1.3203733,0
2014-05-26 00:00:00,1.3032703,0
2014-05-26 01:00:00,1.2998585,0
2014-05-26 02:00:00,1.302768,0
2014-05-26 03:00:00,1.3158536,0
2014-05-26 04:00:00,1.3279982,0
2014-05-26 05:00:00,1.3337346,0
2014-05-26 06:00:00,1.3333771,0
2014-05-26 07:00:00,1.3291457,0
2014-05-26 08:00:00,1.3199726,0
2014-05-26 09:00:00,1.2939092,0
2014-05-26 10:00:00,1.2556067,0
2014-05-26 11:00:00,1.2218345,0
2014-05-26 12:00:00,1.2094399,0
2014-05-26 13:00:00,1.2384716,0
2014-05-26 14:00:00,1.3099123,0
2014-05-26 15:00:00,1.402772,0
2014-05-26 16:00:00,1.4642377,0
2014-05-26 17:00:00,1.5256743,1
2014-05-26 18:00:00,1.6232789,1
2014-05-26 19:00:00,1.7108892,1
2014-05-26 20:00:00,1.7631445,1
2014-05-26 21:00:00,1.8126786,1
2014-05-26 22:00:00,1.8690085,1
2014-05-26 23:00:00,1.9034994,1
2014-05-27 00:00:00,1.933885,1
2014-05-27 01:00:00,1.957506,1
2014-05-27 02:00:00,1.9788582,1
2014-05-27 03:00:00,1.9964325,1
2014-05-27 04:00:00,2.0091503,1
2014-05-27 05:00:00,2.0304332,1
2014-05-27 06:00:00,2.012643,1
2014-05-27 07:00:00,1.9768679,1
2014-05-27 08:00:00,1.9352479,1
2014-05-27 09:00:00,1.896498,1
2014-05-27 10:00:00,1.8658724,1
2014-05-27 11:00:00,1.8661261,1
2014-05-27 12:00:00,1.8782661,1
2014-05-27 13:00:00,1.8881649,1
2014-05-27 14:00:00,1.8970885,1
2014-05-27 15:00:00,1.8958864,1
2014-05-27 16:00:00,1.8872035,1
2014-05-27 17:00:00,1.8374287,1
2014-05-27 18:00:00,1.7303383,1
2014-05-27 19:00:00,1.635573,1
2014-05-27 20:00:00,1.5118562,1
2014-05-27 21:00:00,1.3805332,0
2014-05-27 22:00:00,1.2518202,0
2014-05-27 23:00:00,1.1354257,0
2014-05-28 00:00:00,1.0408056,0
2014-05-28 01:00:00,0.95813805,0
2014-05-28 02:00:00,0.9000641,0
2014-05-28 03:00:00,0.8677032,0
2014-05-28 04:00:00,0.86273926,0
2014-05-28 05:00:00,0.8639944,0
2014-05-28 06:00:00,0.82519305,0
2014-05-28 07:00:00,0.79552996,0
2014-05-28 08:00:00,0.730894,0
2014-05-28 09:00:00,0.68662477,0
2014-05-28 10:00:00,0.6427549,0
2014-05-28 11:00:00,0.613862,0
2014-05-28 12:00:00,0.59785587,0
2014-05-28 13:00:00,0.5932025,0
2014-05-28 14:00:00,0.5938745,0
2014-05-28 15:00:00,0.6013505,0
